Folder_Number,Image_Link,Ad_Name,Product,Company,Ad_Description,Ad_Placement
567,https://drive.google.com/file/d/1sVaUhdEGQxt2EkioPBZRRRJCdSbBradE/view?usp=drivesdk,American Express,Credit Card,American Express,Get 800€ for your restaurant expenses.,Sidebar
567,https://drive.google.com/file/d/1sVaUhdEGQxt2EkioPBZRRRJCdSbBradE/view?usp=drivesdk,Air Europa,Air Travel,Air Europa,Flights to Spain and Europe starting at 17€ and America from 246€.,Sidebar
567,https://drive.google.com/file/d/1ooEA2f-sP7CU6RoKjSfDC5Y4ACU_t2Ah/view?usp=drivesdk,American Express Advertisement,Credit Card Services,American Express,Offers a welcome bonus for new members for dining expenses.,Sidebar
567,https://drive.google.com/file/d/1K7jTZN7pgW0O5zUSI5oUQgN1bxvfTwKD/view?usp=drivesdk,Renault Clio E-TECH FULL HYBRID,Car,Renault,A hybrid car model available for purchase.,Sidebar
567,https://drive.google.com/file/d/1K7jTZN7pgW0O5zUSI5oUQgN1bxvfTwKD/view?usp=drivesdk,American Express,Credit Card,American Express,A promotional offer for the American Express credit card.,Top section
567,https://drive.google.com/file/d/1XbPaEeQVV5FmLxqqxB_PVs69t9pAv6lj/view?usp=drivesdk,American Express Card,Credit Card,American Express,Earn cashback for your dining expenses with a premium card.,Sidebar
567,https://drive.google.com/file/d/13dojG4THjVX9r5r8lSGWMtv0qpd-_goF/view?usp=drivesdk,American Express,Credit Card,American Express,Get €800 for your restaurant spending.,Sidebar
567,https://drive.google.com/file/d/13dojG4THjVX9r5r8lSGWMtv0qpd-_goF/view?usp=drivesdk,Sorolla - Barcelona,Art Exhibition,Sorolla Expo Barcelona,Exhibition of Sorolla's artwork in Barcelona.,Sidebar
567,https://drive.google.com/file/d/13dojG4THjVX9r5r8lSGWMtv0qpd-_goF/view?usp=drivesdk,Sorolla - Barcelona,Art Exhibition,Sorolla Expo Barcelona,Exhibition of Sorolla's artwork in Barcelona.,Sidebar
567,https://drive.google.com/file/d/13dojG4THjVX9r5r8lSGWMtv0qpd-_goF/view?usp=drivesdk,Sorolla - Barcelona,Art Exhibition,Sorolla Expo Barcelona,Exhibition of Sorolla's artwork in Barcelona.,Sidebar
567,https://drive.google.com/file/d/13dojG4THjVX9r5r8lSGWMtv0qpd-_goF/view?usp=drivesdk,Sorolla - Barcelona,Art Exhibition,Sorolla Expo Barcelona,Exhibition of Sorolla's artwork in Barcelona.,Sidebar
567,https://drive.google.com/file/d/1hBdhtHJdH3RMB8RcBi0aajjHqHLVIiXf/view?usp=drivesdk,AMEX Offer,Credit Card Benefits,American Express,Get benefits for dining at restaurants.,sidebar
567,https://drive.google.com/file/d/1hBdhtHJdH3RMB8RcBi0aajjHqHLVIiXf/view?usp=drivesdk,Informative Ad,N/A,N/A,"Not an ad description, placeholder for Google ads.",inline
567,https://drive.google.com/file/d/1hBdhtHJdH3RMB8RcBi0aajjHqHLVIiXf/view?usp=drivesdk,Informative Ad,N/A,N/A,"Not an ad description, placeholder for Google ads.",inline
567,https://drive.google.com/file/d/1hBdhtHJdH3RMB8RcBi0aajjHqHLVIiXf/view?usp=drivesdk,Informative Ad,N/A,N/A,"Not an ad description, placeholder for Google ads.",inline
567,https://drive.google.com/file/d/1hBdhtHJdH3RMB8RcBi0aajjHqHLVIiXf/view?usp=drivesdk,Informative Ad,N/A,N/A,"Not an ad description, placeholder for Google ads.",inline
157,https://drive.google.com/file/d/1tgw7SfblDnbVbEY2o06jL6YVIxLVbivl/view?usp=drivesdk,simyo,Mobile plans,simyo,"Affordable mobile plans with 5G coverage, offering options for 12GB of data.",sidebar
157,https://drive.google.com/file/d/1tgw7SfblDnbVbEY2o06jL6YVIxLVbivl/view?usp=drivesdk,Ad Placeholder,Google Ads Placeholder,Google,Ad space currently not in use.,top section
157,https://drive.google.com/file/d/1qM_-0GfDCCd30i0EuExhhsgXYz0ExaqR/view?usp=drivesdk,simyo,Mobile service,simyo,5G mobile service with plans offering 12GB data,sidebar
157,https://drive.google.com/file/d/1_g9JKdCCNaDDvFJM33BSZU1jhjPz9Lxv/view?usp=drivesdk,Simyo 5G,Mobile Plan,Simyo,Simyo offers 5G mobile plans with various data options. The advertisement highlights their 12GB mobile plan with an introductory offer.,Sidebar on the right
157,https://drive.google.com/file/d/1q-6n9jpICW8c8fug7PfYwEL6PvbRy5Qp/view?usp=drivesdk,Sorolla - Barcelona,Sculpture Exhibition,Sorolla Expo,Celebrate the centenary of the master with a unique experience,Popup advertisement
157,https://drive.google.com/file/d/104u8Rlir0Pw2AKu39QJqW5WBt7hPoOT4/view?usp=drivesdk,Sorolla - Barcelona,Expo,Sorolla,Celebrate the centenary of the master with a unique experience.,Overlay ad in the bottom section
157,https://drive.google.com/file/d/1sigcV4cYh8mvpV46g-GOiqPUJnzRLe3M/view?usp=drivesdk,Violet Affleck,Sponsored Content,Guilty Eats,A sponsored article about Violet Affleck and her resemblance to her mother.,"Top section, before the headline"
157,https://drive.google.com/file/d/1sigcV4cYh8mvpV46g-GOiqPUJnzRLe3M/view?usp=drivesdk,Swimming Pools,Swimming Pools,Unspecified,Promoting affordable garden swimming pools.,Inline advertisement
157,https://drive.google.com/file/d/1sigcV4cYh8mvpV46g-GOiqPUJnzRLe3M/view?usp=drivesdk,Smart Beds,Smart Beds,Unspecified,Modern smart beds available at affordable prices.,Inline advertisement
157,https://drive.google.com/file/d/1sigcV4cYh8mvpV46g-GOiqPUJnzRLe3M/view?usp=drivesdk,Simyo 5G,Mobile Services,Simyo,Promoting Simyo's 5G mobile service with a package including 12GB.,Right sidebar
157,https://drive.google.com/file/d/1xlMc2wy8mM2leKN_4KZ4zpO_Yk5hnh7X/view?usp=drivesdk,Violet Affleck Age 18,,Guilty Eats,A sponsored post about Violet Affleck and her resemblance to her mother.,inline
157,https://drive.google.com/file/d/1xlMc2wy8mM2leKN_4KZ4zpO_Yk5hnh7X/view?usp=drivesdk,Gardening Pools,Garden Pools,Quiniela,A sponsored ad promoting affordable garden pools.,inline
157,https://drive.google.com/file/d/1xlMc2wy8mM2leKN_4KZ4zpO_Yk5hnh7X/view?usp=drivesdk,Modern Smart Beds,Smart Beds,Smart Beds,Sponsored advertisement for modern smart beds at affordable prices.,inline
157,https://drive.google.com/file/d/1xlMc2wy8mM2leKN_4KZ4zpO_Yk5hnh7X/view?usp=drivesdk,Simyo 5G,Mobile plan with 5G,Simyo,Offering a 5G mobile plan with 12GB at a low price,sidebar
557,https://drive.google.com/file/d/1bR5Q_cBQenBBifGUDDofmobXDxwsHmLq/view?usp=drivesdk,Reforma tu vivienda,Home Improvement Services,Unknown,Improve your home with specialized services.,sidebar
557,https://drive.google.com/file/d/1bR5Q_cBQenBBifGUDDofmobXDxwsHmLq/view?usp=drivesdk,Cada coche tiene arañazos,Car Scratch Removal Trick,Unknown,"Every car has scratches, but few know this trick to remove them.",inline
557,https://drive.google.com/file/d/1ImasWicObu22rjTNvoomvXfHpM3qyfYH/view?usp=drivesdk,Benvinguts al Museu Terra,Museum Visit,Museu Terra,Welcome to Museu Terra. Discover views of the land and the changes made over time.,sidebar
557,https://drive.google.com/file/d/1MfpeO9ZO-NYUWZfSexux7j52Ls0SnZUY/view?usp=drivesdk,Sponsored by Midas,Personal Finance,Midas,"This ad seems to be promoting services or information related to personal finance, potentially focusing on insurance or investment options.",inline (next to article)
557,https://drive.google.com/file/d/1MfpeO9ZO-NYUWZfSexux7j52Ls0SnZUY/view?usp=drivesdk,Google Ads Placeholder,,,This is a placeholder for Google ads indicating that no ad is currently displayed.,sidebar
557,https://drive.google.com/file/d/1TMGy2gh78XYC_ajTYZ99bzfJ-W7UsL-P/view?usp=drivesdk,Museu Terra,Museum visit,Museu Terra,"Welcome to Museu Terra. We are alive with the earth, that's why we've changed our name.",sidebar
557,https://drive.google.com/file/d/16u7Ojvk8NKPfNMK_Ddl_SwV3tYgq1J37/view?usp=drivesdk,Може да вам се свиђа!,Home appliances,Various,A selection of articles and information related to home appliances.,Sidebar
557,https://drive.google.com/file/d/16u7Ojvk8NKPfNMK_Ddl_SwV3tYgq1J37/view?usp=drivesdk,КУЋНИ ТРИКОВИ,Mechanical advice,Various,"Tips and tricks for household management, particularly focusing on appliances and energy usage.",Inline
797,https://drive.google.com/file/d/1LP2UlzzP9PuZ5zfL-qIPFFl3Pti0qYQr/view?usp=drivesdk,Recommended Content,Health and wellness products,Unknown,"Products aimed at improving health, specifically targeting prostate issues and women's health.",Sidebar (right side)
797,https://drive.google.com/file/d/1LP2UlzzP9PuZ5zfL-qIPFFl3Pti0qYQr/view?usp=drivesdk,Recommended Content,Health tips,Unknown,"Advice and tips related to health, particularly addressing prostate health and related concerns.",Sidebar (right side)
797,https://drive.google.com/file/d/1Ivi20ZGv7AjZ8_n2h2HqVSuRCbuvXwzs/view?usp=drivesdk,Reserve ahora,Travel services,Swiss,Promoting travel pleasures and experiences.,Banner (overlay)
797,https://drive.google.com/file/d/1ocsiczgRP1t3f1PJM2-yL8KOTTU_o8m-/view?usp=drivesdk,Ads by Google,Advertisement,Google,A stop seeing this ad option appears along with a message suggesting a reason for the ad display.,Inline (middle of the page)
667,https://drive.google.com/file/d/1_YnfISPjrla1Q1q2VvuYybBj6kPqgpIt/view?usp=drivesdk,The role of EIB in face of the EU’s challenges,,EIF,Event regarding investments and challenges facing the EU.,banner at the top of the page
667,https://drive.google.com/file/d/1_YnfISPjrla1Q1q2VvuYybBj6kPqgpIt/view?usp=drivesdk,Clean Air,,,Promotion for a YouTube event related to clean air.,bottom section of the page
667,https://drive.google.com/file/d/1F4vv150mEtOMAnpODA22LHHti6dQ9Vld/view?usp=drivesdk,Sol Río De Luna y Mares,Hotel,Sol Hotels,"A hotel offering various services, possibly related to a beach or resort destination.",Bottom section
667,https://drive.google.com/file/d/1e4MJNS0yicMG8QrMP0yQaM8N85fL1j1q/view?usp=drivesdk,Expo Padel World,Padel Exhibition,International Padel Exhibition,"An event showcasing padel, a racquet sport, taking place on June 29-30.","Top section of the page, above the headline"
667,https://drive.google.com/file/d/1e4MJNS0yicMG8QrMP0yQaM8N85fL1j1q/view?usp=drivesdk,Idealista,Real Estate App,Idealista,The real estate app that leads in Portugal.,Sidebar
667,https://drive.google.com/file/d/1jQwKJ1hGt8F9I1S6fmNX7tIP4q0WNgrM/view?usp=drivesdk,idealista,Real Estate App,Idealista,The leading real estate app in Portugal,Bottom section of the page
667,https://drive.google.com/file/d/1ZnLNWbsZrRB2ryva7Lv6HKDw1K4g1yVr/view?usp=drivesdk,Clean Air,Air quality improvement event,Público,"An event focusing on air quality, scheduled for June 4th at 16:30.",Banner
667,https://drive.google.com/file/d/1CERrc8jBT4JzvBPw2a1oYTUNAOKPJoOh/view?usp=drivesdk,Sol Río De Luna y Mares,Hotel Accommodation,Mela,A promotional ad for hotel bookings in Sol Río De Luna y Mares.,Bottom section of the page
464,https://drive.google.com/file/d/1FwQ3AYMhdmTkh0nNWQg3kRRR19nkq7X0/view?usp=drivesdk,Renault Austral E-Tech Full Hybrid,Car,Renault,"The advertisement promotes the Renault Austral E-Tech Full Hybrid, highlighting its specifications of 200 CV and 146 kW, encouraging users to discover more.",Top section
464,https://drive.google.com/file/d/1FwQ3AYMhdmTkh0nNWQg3kRRR19nkq7X0/view?usp=drivesdk,Renault Austral E-Tech Full Hybrid,Car,Renault,Another mention of the Renault Austral E-Tech Full Hybrid with the same specifications aimed to attract customers.,Sidebar left
464,https://drive.google.com/file/d/1FwQ3AYMhdmTkh0nNWQg3kRRR19nkq7X0/view?usp=drivesdk,Renault Austral E-Tech Full Hybrid,Car,Renault,A repeated ad for the Renault Austral E-Tech Full Hybrid showcasing similar details to emphasize the offering.,Sidebar right
464,https://drive.google.com/file/d/1rDkDfIx6rrvjhGb2L3_RwxAX81f9jDsd/view?usp=drivesdk,O2,Internet and Mobile Services,O2,Fibre and Mobile 5G+ services for 30€ final price.,Sidebar (left)
464,https://drive.google.com/file/d/1rDkDfIx6rrvjhGb2L3_RwxAX81f9jDsd/view?usp=drivesdk,Renault Austral E-Tech Full Hybrid,Hybrid Car,Renault,200 CV - 146 kW with 3 years of maintenance included.,Sidebar (right)
464,https://drive.google.com/file/d/1rDkDfIx6rrvjhGb2L3_RwxAX81f9jDsd/view?usp=drivesdk,Actimel,Probiotic Yogurt Drink,Danone,Promotional ad for Actimel probiotic yogurt.,Inline
464,https://drive.google.com/file/d/1EpVjTDQY3gj_iUBtV9sgV5T4pQ6ph0ha/view?usp=drivesdk,Renault Austral E-Tech Full Hybrid,Hybrid Car,Renault,"A promotional advertisement for the Renault Austral E-Tech hybrid vehicle, highlighting its specifications and features.",Left sidebar
464,https://drive.google.com/file/d/1EpVjTDQY3gj_iUBtV9sgV5T4pQ6ph0ha/view?usp=drivesdk,Actimel,Yogurt,Danone,"Advertisement promoting Actimel, a probiotic yogurt drink known for its health benefits.",Inline advertisement
464,https://drive.google.com/file/d/1wKa2vlkQfo7ADVg2DJaxD5rtODdhQ-aY/view?usp=drivesdk,Renault Austral E-Tech Full Hybrid,Car,Renault,"A promotional advertisement for the Renault Austral E-Tech Full Hybrid car, highlighting features and specifications.",Side Banner
464,https://drive.google.com/file/d/1wKa2vlkQfo7ADVg2DJaxD5rtODdhQ-aY/view?usp=drivesdk,MBA y Masters en Business,Business Education Programs,EAE,Programs aimed at developing potential through MBA and other business courses.,Sidebar
464,https://drive.google.com/file/d/1wKa2vlkQfo7ADVg2DJaxD5rtODdhQ-aY/view?usp=drivesdk,Unicef Donation Campaign,Donation Campaign,Unicef,A call to action for donations to support children in war conditions.,Sidebar
464,https://drive.google.com/file/d/1njcYXYtCzQoTcvfwO5rTI8DpvkFSM3i9/view?usp=drivesdk,Renault Austral E-Tech Full Hybrid,Car,Renault,Introducing the Renault Austral E-Tech Full Hybrid with specifications of 200 CV and 146 kW. Discover more about the model.,Left sidebar
464,https://drive.google.com/file/d/1njcYXYtCzQoTcvfwO5rTI8DpvkFSM3i9/view?usp=drivesdk,Renault Austral E-Tech Full Hybrid,Car,Renault,"Renault Austral E-Tech Full Hybrid priced at 259€, with 3 years of included maintenance.",Right sidebar
274,https://drive.google.com/file/d/1xK2yUaXLGCUV8N4JLPWBc6bQtDXoITiE/view?usp=drivesdk,#1 Tool to Eliminate Car Scratches,Car Scratch Remover Tool,N/A,The tool easily removes any scratch from cars and eliminates it instantly.,Top section before the headline
274,https://drive.google.com/file/d/1xK2yUaXLGCUV8N4JLPWBc6bQtDXoITiE/view?usp=drivesdk,It's time to make your hotel shine as it deserves.,Hotel Optimization Service,N/A,This ad promotes services to enhance the appearance and functionality of hotels.,Sidebar
274,https://drive.google.com/file/d/1H9xS1e1tYWMOR1a3P5aaM0xIJwV82QQf/view?usp=drivesdk,Compartir ahora,Social Sharing Button,Not specified,Option to share content on social media platforms like Facebook and WhatsApp.,Sidebar
8,https://drive.google.com/file/d/1r2p2ax8fBvj4yQwZbjtElKTwOAXYAYYW/view?usp=drivesdk,Barceló,Hotel Reservation,Barceló Hotels,"Reserve where summer is better, with up to 40% discount.",sidebar
8,https://drive.google.com/file/d/1r2p2ax8fBvj4yQwZbjtElKTwOAXYAYYW/view?usp=drivesdk,Hyundai SUV,New SUV Range,Hyundai,New Range of Hyundai SUVs starting from €135/month.,banner
8,https://drive.google.com/file/d/1r2p2ax8fBvj4yQwZbjtElKTwOAXYAYYW/view?usp=drivesdk,WABI,Car Rental Service,WABI,"Drive your car without waiting, no complications, no permanence.",sidebar
8,https://drive.google.com/file/d/1r2p2ax8fBvj4yQwZbjtElKTwOAXYAYYW/view?usp=drivesdk,Trainline,Train Ticket Booking,Trainline,Easily book your train journeys.,inline
8,https://drive.google.com/file/d/1HvK2N2--S12o4otGB9Y9bksVULoPclrO/view?usp=drivesdk,Ad by Google,Online Advertising,Google,A general advertisement placed by Google.,Sidebar (left)
8,https://drive.google.com/file/d/1HvK2N2--S12o4otGB9Y9bksVULoPclrO/view?usp=drivesdk,Ad by Google,Online Advertising,Google,A general advertisement placed by Google.,Sidebar (right)
8,https://drive.google.com/file/d/1HvK2N2--S12o4otGB9Y9bksVULoPclrO/view?usp=drivesdk,Ad by Google,Online Advertising,Google,A general advertisement placed by Google.,Bottom
8,https://drive.google.com/file/d/1LUliI4SnPNMzP8Ly_Dh726Co2lAMlxbW/view?usp=drivesdk,Auto Cristal RalarSA,Car windshields,Cary Group,Repair your windshield with an exclusive offer for umbrellas.,banner
8,https://drive.google.com/file/d/1o7X_JDjJ0LUEIcYBHzdZnNlvz_QeQrUJ/view?usp=drivesdk,Repsol,Renewable Fuels,Repsol,More information on renewable fuels from Repsol.,Bottom section
8,https://drive.google.com/file/d/1SRFu7Cl5sGoYDPcX79FoF2yoWHcep_ML/view?usp=drivesdk,Tarifa Octopus Solar,Solar energy service,Octopus Energy,Energy for night and weekends at the same price as your solar excesses.,sidebar
8,https://drive.google.com/file/d/1SRFu7Cl5sGoYDPcX79FoF2yoWHcep_ML/view?usp=drivesdk,Restaurants con 3 Estrellas Michelin,Michelin star restaurants,,"Restaurants with 3 Michelin stars in Spain, 2022.",bottom
8,https://drive.google.com/file/d/1CQqVmorVhKEiL1pSUwOcbiixN1u6XRHM/view?usp=drivesdk,trainline,Train ticket booking service,Trainline,Book train tickets easily and quickly.,sidebar
8,https://drive.google.com/file/d/1IJ_ai7mNGjnnjwqFis1GbwG3PIyif0Tg/view?usp=drivesdk,Hyundai TUCSON,Car,Hyundai,Reimagine the design.,bottom section
8,https://drive.google.com/file/d/1T6iPZoM5WqZzjtS9QUDRxMjdqzwPwUo9/view?usp=drivesdk,Los Reyes cancelan uno de sus eventos de la semana tras la última decisión de...,Event cancellation news,Look,An announcement regarding the cancellation of an event by the royal family due to a recent decision.,Sidebar
8,https://drive.google.com/file/d/1T6iPZoM5WqZzjtS9QUDRxMjdqzwPwUo9/view?usp=drivesdk,"Así es Zara, la sobrina predilecta del rey Carlos III que rompe todos los...",Profile of Zara,Look,"A piece about Zara, the favored niece of King Carlos III, and her breaking roles.",Sidebar
8,https://drive.google.com/file/d/1T6iPZoM5WqZzjtS9QUDRxMjdqzwPwUo9/view?usp=drivesdk,El sorprendente nombre que Álvaro Benito pone sobre la mesa para suplir a Kroos,Football commentary,Alvaro Benito,Discussion about potential replacements for football player Kroos by commentator Alvaro Benito.,Sidebar
470,https://drive.google.com/file/d/18GN9knoz7lDmscBDdBFB0yNit0OYCgwt/view?usp=drivesdk,Asturiana Coffee,Coffee,Central Lechera Asturiana,Coffee is as important as milk.,Top section before the headline
470,https://drive.google.com/file/d/18GN9knoz7lDmscBDdBFB0yNit0OYCgwt/view?usp=drivesdk,Asturiana Milk,Milk,Central Lechera Asturiana,Original Asturiana milk.,Side section (bottle image)
470,https://drive.google.com/file/d/18GN9knoz7lDmscBDdBFB0yNit0OYCgwt/view?usp=drivesdk,Asturiana Hostelería,Hostelry products,Central Lechera Asturiana,Asturiana hospitality products.,Side section (bottle image)
470,https://drive.google.com/file/d/1fHVkEyAFvFIXMrkjqlWI_zM2K4u-Bh0D/view?usp=drivesdk,Asturiana Coffee,Coffee,Central Lechera Asturiana,"Promotional image featuring coffee with Asturiana logo, indicating freshness and quality.",Top section before the headline
470,https://drive.google.com/file/d/1fHVkEyAFvFIXMrkjqlWI_zM2K4u-Bh0D/view?usp=drivesdk,Asturiana Milk,Milk,Central Lechera Asturiana,"Image of a milk bottle with Asturiana branding, showcasing a traditional style and quality.",Right sidebar
470,https://drive.google.com/file/d/1HlOOO7RfApAfsf6r5_Xh_RSwyRl78FiB/view?usp=drivesdk,Central Lechera Asturiana,Milk,Central Lechera Asturiana,"This advertisement promotes milk from a local dairy producer, emphasizing its quality and local roots.",Top section near the video
470,https://drive.google.com/file/d/1HlOOO7RfApAfsf6r5_Xh_RSwyRl78FiB/view?usp=drivesdk,Central Lechera Asturiana,Milk,Central Lechera Asturiana,"This advertisement promotes the original milk product from Central Lechera Asturiana, highlighting its authenticity and flavor.",Sidebar in the bottom section
470,https://drive.google.com/file/d/1EDvPs5Okgos_69SDz5WbEeJcSN90EEF1/view?usp=drivesdk,Central Lechera Asturiana,Milk,Central Lechera Asturiana,A promotion for the original milk product from Central Lechera Asturiana.,Sidebar
470,https://drive.google.com/file/d/1EDvPs5Okgos_69SDz5WbEeJcSN90EEF1/view?usp=drivesdk,UNICEF,Support for children in crisis,UNICEF,Aid program for children affected by war.,Sidebar
470,https://drive.google.com/file/d/1-DJ3Y9SYvcEakU1FAe2GqQ-WlNmp7FuK/view?usp=drivesdk,Central Lechera Asturiana,Milk,Central Lechera Asturiana,Promotional image for milk from Central Lechera Asturiana featuring a coffee cup.,sidebar
470,https://drive.google.com/file/d/1-DJ3Y9SYvcEakU1FAe2GqQ-WlNmp7FuK/view?usp=drivesdk,Google Ads,Various,Google,Advertisement space for various products and services.,bottom
586,https://drive.google.com/file/d/1NT4f4ume7L9_0v98Tv8Nb1bi2BS2hAFA/view?usp=drivesdk,EAE Business School,Educational Courses,EAE Business School,"This ad promotes EAE Business School, highlighting their educational programs in business.",Sidebar
586,https://drive.google.com/file/d/1D31tUuVEV2ItvLdltjYyC4_DSSGdthDI/view?usp=drivesdk,,,,,sidebar
586,https://drive.google.com/file/d/1Rii6ssi_LemcaLX1dEeYcsaq0Dlk5F_b/view?usp=drivesdk,EAE Business School,MBA Programs,EAE Business School Barcelona,Offering MBA and master's degrees to enhance your career opportunities.,sidebar
586,https://drive.google.com/file/d/1nf01si9JfZuII_gLPUHQW9bkauXTufwd/view?usp=drivesdk,,,,,placeholder for Google ads
586,https://drive.google.com/file/d/13tmqxMj10INnE8WkUyKQr8C7IQUx32oZ/view?usp=drivesdk,Caribe Aquatic Park,Aquatic park entry,PortAventura World,"Free entry to Caribe Aquatic Park, part of PortAventura Resort. Offers water attractions and leisure activities for families.",Bottom section of the page
586,https://drive.google.com/file/d/13tmqxMj10INnE8WkUyKQr8C7IQUx32oZ/view?usp=drivesdk,EAE Business School,Business education,EAE Business School,"Promoting EAE Business School in Barcelona, offering a range of business courses.",Sidebar on the right
586,https://drive.google.com/file/d/1RIr5b5ghFtMDwjHOAj6i7zrgUyEx2D00/view?usp=drivesdk,Bepanthol Tattoo,Tattoo Care Ointment,Bepanthol,Intensive care ointment for tattooed skin.,Inline within the article
586,https://drive.google.com/file/d/1bMWr_BfMyG3RWn9H1xRfURQkYkRXWIXi/view?usp=drivesdk,EAE Business School,MBA programs,EAE Business School,Promoting MBA and Masters programs in Barcelona.,banner
586,https://drive.google.com/file/d/1v6pShZAGKwYkl_zaZ1At1ob_kaSHzSFs/view?usp=drivesdk,Ad for Water Park,Water park tickets,Unknown,Advertisement highlighting a local water park experience.,"bottom section, video ad"
586,https://drive.google.com/file/d/1K8rkYuQhu4ouSBsYQxeVTQa5Ip4hKvcS/view?usp=drivesdk,MBA's Masters Grados,Master's Degree Programs,EAE Business School,Offers MBA and master's degree programs for enhancing professional skills and career opportunities.,sidebar
586,https://drive.google.com/file/d/1qJ4YHg3Vr235SWL2eQLhz-KQI3niDS3Z/view?usp=drivesdk,Solución a la alopecia,Alopecia Treatment,Aldemar Campos,Treatment solutions for alopecia and promotion of hair health.,bottom right video advertisement
586,https://drive.google.com/file/d/1ahh0S4SZmNcx9H5Y-NWDAulBjddyfG4T/view?usp=drivesdk,OhMyBox,Storage Units,OhMyBox,Get your first month free when you rent lockers from 1m² to 12m². Find your locker now.,Sidebar
586,https://drive.google.com/file/d/1YlpLj1PmFdoEGPEjuSRdAm_9UQuMZltT/view?usp=drivesdk,Conoce más,,,Learn more about a product or service.,video ad overlay
535,https://drive.google.com/file/d/13HHiSBM2DjKj0S-vnhsETPz7RbZQBrfg/view?usp=drivesdk,La fuerza de saber que lo consigues,Education service,UNIR,The strength to know you can achieve it. Reserve your spot.,sidebar
535,https://drive.google.com/file/d/13HHiSBM2DjKj0S-vnhsETPz7RbZQBrfg/view?usp=drivesdk,Air Europa,Flights to Spain and Europe,Air Europa,From €17 to Spain and Europe. From €246 to America.,sidebar
535,https://drive.google.com/file/d/13HHiSBM2DjKj0S-vnhsETPz7RbZQBrfg/view?usp=drivesdk,Pavimento Impreso Catalunya,Printed pavement services,,Walk around the beautiful and unique pavements on your property. Call us today.,inline
535,https://drive.google.com/file/d/1EBD7DAowjG5wfzGaGcJIG_H1FT2OLPlT/view?usp=drivesdk,No advertisement available,N/A,N/A,N/A,N/A
535,https://drive.google.com/file/d/1UR_5L9kVLr0tGkYoSzLOZrsc4hCB55cw/view?usp=drivesdk,ABANCA,Banking Services,ABANCA,Offers various banking services such as savings accounts and loans.,Sidebar
535,https://drive.google.com/file/d/1E6jWQHnZJc-3xF34WWnWiV_QT75HpIXD/view?usp=drivesdk,Recommended for You,General News Recommendations,Google,Personalized news recommendations based on user reading habits.,Sidebar
535,https://drive.google.com/file/d/1E6jWQHnZJc-3xF34WWnWiV_QT75HpIXD/view?usp=drivesdk,Biden Calls for Gun Control Follow-Up,News Article,Informer,An article discussing Biden's call to action for stricter gun laws in the U.S.,Bottom Section
713,https://drive.google.com/file/d/1USfNJplZLyFxTAgN3kiV2_4xa44A8By3/view?usp=drivesdk,Nike,Sports apparel and shoes,Nike,Promoting Nike's sports apparel and shoes.,Bottom right sidebar
713,https://drive.google.com/file/d/1USfNJplZLyFxTAgN3kiV2_4xa44A8By3/view?usp=drivesdk,Avinguda de la Comunitat Europea,Local business info,N/A,Local business hours information for a venue in Badalona.,Bottom left sidebar
713,https://drive.google.com/file/d/1wrwGjzM4WThEgw0-qoNwbt4XJn9rbKhG/view?usp=drivesdk,AT+ PREMIUM STORIES,Premium News Subscription,Asia Times,A premium service offering exclusive news stories and insights.,Sidebar
713,https://drive.google.com/file/d/1wrwGjzM4WThEgw0-qoNwbt4XJn9rbKhG/view?usp=drivesdk,Send feedback,Advertisement Feedback,Google,A prompt for users to provide feedback on advertisements.,Inline
713,https://drive.google.com/file/d/1vVIVI_wb339OVfgG4-QKTqiEMJQ0EK2s/view?usp=drivesdk,Nike Factory,Nike apparel,Nike,Promoting Nike Store Badalona that presumably sells Nike products.,Sidebar
713,https://drive.google.com/file/d/1vVIVI_wb339OVfgG4-QKTqiEMJQ0EK2s/view?usp=drivesdk,Cargo Shorts,Men's cargo shorts,[Not specified],Advertisement for men's cargo shorts available for purchase.,Sidebar
713,https://drive.google.com/file/d/16qxAoEHJwt8EpSGqxpRuQHvMJR4wGWrL/view?usp=drivesdk,Ads by Google,Google Ads,Google,An advertisement platform offering various advertising options.,Sidebar
713,https://drive.google.com/file/d/16qxAoEHJwt8EpSGqxpRuQHvMJR4wGWrL/view?usp=drivesdk,Ads by Google,Google Ads,Google,An advertisement platform offering various advertising options.,Sidebar
713,https://drive.google.com/file/d/1IbogCKzRACLshBSA-rOW_63I3NH2NrHn/view?usp=drivesdk,Nike Store Badalona,Nike Factory,Nike,Get the best for less in Nike Factory Stores,Inline
713,https://drive.google.com/file/d/1b9rmHxY8KfIIUUT3x1XyTIWwzhX_7bOD/view?usp=drivesdk,US Army reluctant to launch dedicated Drone Corps,Drone Corps,AsiaTimes,An article discussing the hesitation of the US Army in forming a dedicated drone unit.,sidebar
713,https://drive.google.com/file/d/1qrHy0QcAvKV4ABnxmZImU9CSd0-ATpxB/view?usp=drivesdk,Casual Cargo Shorts,Cargo Shorts,Unknown,Stylish and comfortable cargo shorts suitable for casual wear.,Sidebar (Right)
713,https://drive.google.com/file/d/1qrHy0QcAvKV4ABnxmZImU9CSd0-ATpxB/view?usp=drivesdk,Casual Shorts,Casual Shorts,Unknown,Trendy casual shorts with a smiley print design.,Sidebar (Right)
713,https://drive.google.com/file/d/1AM9Pey28P1qE9NXLZ5qoAVmMVDsK6Beo/view?usp=drivesdk,Nike Factory Store,Nike Products,Nike,Official Nike product store offering various products.,Bottom section
713,https://drive.google.com/file/d/1AM9Pey28P1qE9NXLZ5qoAVmMVDsK6Beo/view?usp=drivesdk,Nike Store Badalona,Nike Products,Nike,Physical store location for Nike products.,Bottom section
713,https://drive.google.com/file/d/1HYOMVwl_nRfvbnzQRay_-woc8Pkzw4QY/view?usp=drivesdk,Homenaje a Paco de Lucía,Concert,Palau de la Música Catalana,A concert to honor Paco de Lucía.,"Middle of the page, overlaying text"
713,https://drive.google.com/file/d/1Yi4cQERIYsiSYZMlJnQxrGVmDwkJRRqw/view?usp=drivesdk,Badalona,Public services,N/A,"Information about a local establishment in Badalona, indicating it is open for business and providing its hours of operation.",Bottom of the page
529,https://drive.google.com/file/d/1q67f65McKFUPEsS2_y-y5v_7F2fDbmvh/view?usp=drivesdk,Monster Financing,Motorcycle financing,Unspecified,Financing plan for a motorcycle with monthly payments available.,Left sidebar
529,https://drive.google.com/file/d/1q67f65McKFUPEsS2_y-y5v_7F2fDbmvh/view?usp=drivesdk,Free Shipping Offer,General online shopping,Unspecified,"Free shipping on orders over €560+, 15% off first orders with code PR015.",Inline ad (center)
529,https://drive.google.com/file/d/1UCKsCIRywF6IpEyQvCU7NfANFl1pIch4/view?usp=drivesdk,Aktuelno,News Publications,Informer,Current news updates and features,Top section banner
529,https://drive.google.com/file/d/1UCKsCIRywF6IpEyQvCU7NfANFl1pIch4/view?usp=drivesdk,NEZAVISNE DNEVNE NOVINE,Newspaper,Informer,Independent daily newspaper,Top section banner
529,https://drive.google.com/file/d/1v7qqwOLez-IUh7d5Cj8f4Y-mWsOD1IjS/view?usp=drivesdk,Monster,Performance Supplements,Unknown,Special offer for performance supplements at a reduced rate.,sidebar
529,https://drive.google.com/file/d/1v7qqwOLez-IUh7d5Cj8f4Y-mWsOD1IjS/view?usp=drivesdk,Skin Treatment,Skin Care Products,Unknown,Skin treatment for melanoma and metastasis.,bottom
529,https://drive.google.com/file/d/1v7qqwOLez-IUh7d5Cj8f4Y-mWsOD1IjS/view?usp=drivesdk,Promoter,Promotion Services,Unknown,Ad about promotional services once offered by a former police officer.,sidebar
529,https://drive.google.com/file/d/1C_9cHTOZveOHHlGWoCJfpk5TZrTTB_HA/view?usp=drivesdk,"Odu kao promotertke, završe kao prostitutke",,,A story about former police officer Lidija Vučković and her dramatic life changes.,sidebar
529,https://drive.google.com/file/d/1C_9cHTOZveOHHlGWoCJfpk5TZrTTB_HA/view?usp=drivesdk,Zbogom dragi moj,,,"A heartfelt tribute to Tonia Montana by Lidija Vučković, reflecting on loss and grief.",sidebar
527,https://drive.google.com/file/d/1pWsB7s_QSshReVA--BpHpS3vkTYWJ-t7/view?usp=drivesdk,Vueling,Airline Services,Vueling,Fly to Amsterdam.,Banner at the top
527,https://drive.google.com/file/d/1pWsB7s_QSshReVA--BpHpS3vkTYWJ-t7/view?usp=drivesdk,MELIÁ,Hotel and Accommodation Services,Meliá Hotels & Resorts,Spring is in the air with discounts.,Sidebar at the bottom
527,https://drive.google.com/file/d/19MOHOJ5zT363jtcnH2MXbyUUSrJ5lEYS/view?usp=drivesdk,Bio-Oil,Skincare Oil,Bio-Oil,"A product designed to improve the appearance of scars, stretch marks, and uneven skin tone.",Top section under navigation bar
527,https://drive.google.com/file/d/19MOHOJ5zT363jtcnH2MXbyUUSrJ5lEYS/view?usp=drivesdk,Bindižovanje,Business Service,Bindižovanje,Service related to business solutions or support.,Top section under navigation bar
527,https://drive.google.com/file/d/1QI3JJ-Ns6NOExIlutauAzAEHkmA2KJtv/view?usp=drivesdk,City Lovers,Travel Experience,MELIA,Spring season travel experiences for city lovers with offers up to 15%.,inline
527,https://drive.google.com/file/d/1QI3JJ-Ns6NOExIlutauAzAEHkmA2KJtv/view?usp=drivesdk,Encuentra Tu Estilo,Shoes,Adidas,Find your style with free returns and shipping for members.,sidebar
527,https://drive.google.com/file/d/1QI3JJ-Ns6NOExIlutauAzAEHkmA2KJtv/view?usp=drivesdk,VUELA A AMSTERDAM,Flight Booking,Vueling,Fly to Amsterdam.,banner
527,https://drive.google.com/file/d/18KLZK78Jh84NlVNi0bcsUAxX6jERhs8J/view?usp=drivesdk,Encuentra tu Estilo,Athletic Clothing,Adidas,Find your style with a special offer on athletic clothing.,Right sidebar
130,https://drive.google.com/file/d/1PanFmCjhcivSdxeI2d63Wyz3VUlewa_e/view?usp=drivesdk,Drive magazine,Automobile magazine,Drive,"A magazine focused on car enthusiasts, featuring reviews and automotive news.",Top section (banner)
130,https://drive.google.com/file/d/1SsZxajmPXuFqvQk2tRTeohw1ba7c4hnm/view?usp=drivesdk,¿Cuánto tiempo debo ayunar para tener un abdomen plano según mi edad?,Calculator for fasting times,[not provided],A tool to calculate fasting times for achieving a flat abdomen.,left sidebar
130,https://drive.google.com/file/d/1SsZxajmPXuFqvQk2tRTeohw1ba7c4hnm/view?usp=drivesdk,Braun Minipimer,Hand blender,Braun,Participate in the draw to win a Braun Minipimer 9 every day.,banner
130,https://drive.google.com/file/d/1bVCBFc-Sp59TWg9GRuL9iYrCEsKL0xgy/view?usp=drivesdk,Omet l'annunci,Genetic Screening,Membrana Media,with only a very small percentage of aneuploid embryos surviving to birth.,inline advertisement
130,https://drive.google.com/file/d/1B3fH2FlY3HrXEdJD9ACLGnDPsL_1Z82n/view?usp=drivesdk,simyo,Mobile Plan,simyo,5G mobile plan with 4GB and unlimited calls for €10.,Left sidebar
130,https://drive.google.com/file/d/1B3fH2FlY3HrXEdJD9ACLGnDPsL_1Z82n/view?usp=drivesdk,Nuevo PEUGEOT 2008 HYBRID,Car,Peugeot,Introducing the new PEUGEOT 2008 HYBRID with advanced features.,Top right section
130,https://drive.google.com/file/d/1B3fH2FlY3HrXEdJD9ACLGnDPsL_1Z82n/view?usp=drivesdk,¡Hola 5!,Mobile Plan,simyo,"Unlimited calls for €10, with competitive mobile services.",Top right section
130,https://drive.google.com/file/d/1kau_imE16eaPDzUIQeAwjKhfoBDg8TW2/view?usp=drivesdk,Nuevo PEUGEOT 2008 HYBRID,Hybrid Car,Peugeot,"Introducing the new Peugeot 2008 Hybrid, designed for modern driving.",Top section
130,https://drive.google.com/file/d/1DvCgwBKfvivVhzEMKtY9bvki6cmiI31U/view?usp=drivesdk,Simyo 5G Plan,5G mobile service,Simyo,Offers mobile plans with 5G connectivity and 150GB of data for a low price.,sidebar
130,https://drive.google.com/file/d/1DvCgwBKfvivVhzEMKtY9bvki6cmiI31U/view?usp=drivesdk,European Parliament Election,Voting application,European Parliament,Send your application to vote from where you are before May 28.,inline
130,https://drive.google.com/file/d/10qt9GCaN3P78S69zjuMyD9dtV8SxeIKw/view?usp=drivesdk,fiveri,Online Services,fiveri,A service offering freelance job opportunities.,sidebar
155,https://drive.google.com/file/d/1aMlU72ohR2PDOUDhJ_CXjq6_7dtij__p/view?usp=drivesdk,KAMIQ ESSENCE,Car Offer,Skoda,Special offer for the Skoda KAMIQ ESSENCE 1.0 TSI.,Sidebar
155,https://drive.google.com/file/d/17ikOdS5q0mRyqtPC7lMIRhw-YqbVLNSH/view?usp=drivesdk,Amazon Ads,Various products,Amazon,"Ads for various products available on Amazon, including deals and popular items.",Sidebar
155,https://drive.google.com/file/d/17ikOdS5q0mRyqtPC7lMIRhw-YqbVLNSH/view?usp=drivesdk,Memorial Day Clothing Sales,Clothing,Various retailers,Save up to 60% with Memorial Day clothing sales from various retailers.,Sidebar
155,https://drive.google.com/file/d/1K2yh8tQu_AGh5Lq9KhL2yx1HrZFBvyaH/view?usp=drivesdk,[Not provided],[Not provided],Skoda,"Skoda vehicle advertisement, promoting an offer.",bottom section of the page
155,https://drive.google.com/file/d/1K2yh8tQu_AGh5Lq9KhL2yx1HrZFBvyaH/view?usp=drivesdk,[Not provided],4-piece luggage set,[Not provided],This $500 4-piece luggage set is less than $100 just in time for summer.,sidebar
155,https://drive.google.com/file/d/1K2yh8tQu_AGh5Lq9KhL2yx1HrZFBvyaH/view?usp=drivesdk,[Not provided],Dyson V8 Origin+,Walmart,Walmart has a Dyson V8 Origin+ for less than those on market.,sidebar
155,https://drive.google.com/file/d/1K2yh8tQu_AGh5Lq9KhL2yx1HrZFBvyaH/view?usp=drivesdk,[Not provided],clothing sales,[Not provided],Save up to 60% with Memorial Day clothing sales from various retailers.,sidebar
155,https://drive.google.com/file/d/1N8-JSFhxRkt2AU5ESr0SQ6oYUMFvlREv/view?usp=drivesdk,Clothing Sale,Clothing,Memorial Day Sales,Save up to 60% with Memorial Day clothing sales from various retailers.,Sidebar
155,https://drive.google.com/file/d/1N8-JSFhxRkt2AU5ESr0SQ6oYUMFvlREv/view?usp=drivesdk,Luggage Set,4-piece luggage set,Unknown,This $500 4-piece luggage set is less than $100 just in time for travel.,Sidebar
155,https://drive.google.com/file/d/1N8-JSFhxRkt2AU5ESr0SQ6oYUMFvlREv/view?usp=drivesdk,Dyson V8 Origin+,Dyson V8 Origin+,Walmart,Walmart has a Dyson V8 Origin+ for less than those on the market.,Sidebar
155,https://drive.google.com/file/d/1_c5l8QheNOeEfZKL4T71nvpJG_bPtNkk/view?usp=drivesdk,Som la teva elèctrica,Electricity service,Unknown,Advertising electric service options,Inline advertisement in the main article section
155,https://drive.google.com/file/d/1_c5l8QheNOeEfZKL4T71nvpJG_bPtNkk/view?usp=drivesdk,Skoda,Automobile,Skoda,Promotional advertisement for Skoda vehicles,Sidebar advertisement on the right
155,https://drive.google.com/file/d/1nKLE1nMdUH__N9R91IpxywD1Vdku-520/view?usp=drivesdk,Barcelona Energia,Electricity Supply,Barcelona Energia,A service provider for electricity in Barcelona.,"Middle of the page, inline with the article."
155,https://drive.google.com/file/d/1U43yDiHW47qcklMSz_6kV57EvegkRe-U/view?usp=drivesdk,Skoda Offer,Car financing options,Skoda,Pide tu oferta - Get your offer for car financing options with various deals.,Sidebar
155,https://drive.google.com/file/d/1U43yDiHW47qcklMSz_6kV57EvegkRe-U/view?usp=drivesdk,Hair and Dirt Warning,Health products,N/A,"The accumulation of hair and dirt in your brain could cause a nasty biofilm to form, which could lead to infections.",Bottom right section
155,https://drive.google.com/file/d/15DQUxLj1rql5Sc61A4ObNwc-GGC1OgHx/view?usp=drivesdk,Health & Wellness Products,Health & Wellness products,New York Post,Explore various health and wellness products featured in the article.,Sidebar
155,https://drive.google.com/file/d/15DQUxLj1rql5Sc61A4ObNwc-GGC1OgHx/view?usp=drivesdk,Ads by Google,Google Ads,Google,Generic advertisement powered by Google.,Bottom
589,https://drive.google.com/file/d/1_EKh-D_fGYrFBiD2xfRzcaLucUfHF2As/view?usp=drivesdk,Allianz Insurance,Life Insurance,Allianz,"Allianz Secure Life: You live life, we cover you with insurance solutions.",Sidebar
589,https://drive.google.com/file/d/1_EKh-D_fGYrFBiD2xfRzcaLucUfHF2As/view?usp=drivesdk,Adobe Creative Cloud,Creative Software Suite,Adobe,Get up to 46% off Creative Cloud! Subscribe now to unleash your creativity.,Banner
589,https://drive.google.com/file/d/15wVW-LUWsq_MiKTH6fkJGJcvJLxnJ27H/view?usp=drivesdk,Vueling,Air Travel,Vueling Airlines,+80 Destinations at the best price,"Sidebar, right side of the website"
589,https://drive.google.com/file/d/15wVW-LUWsq_MiKTH6fkJGJcvJLxnJ27H/view?usp=drivesdk,Meliá Rewards,Hotel Discounts,Meliá Hotels International,Get up to -30% off with points for your next hotel stay,"Inline, center of the website"
589,https://drive.google.com/file/d/1xpzWP7Ba1GRHc6FCZrLBdwu78Fqi49iU/view?usp=drivesdk,MELIÁ REWARDS,Hotel Loyalty Program,Meliá Hotels International,Celebrate and enjoy rewards with Meliá Hotels.,Banner (Middle section)
99,https://drive.google.com/file/d/1FqY5Czv7GfO65HlJL_DBe3asbBguGq_l/view?usp=drivesdk,WordPress Hosting,Web Hosting,interdominios,Auto-installable WordPress hosting for €1/month with free domain.,Left sidebar
99,https://drive.google.com/file/d/1FqY5Czv7GfO65HlJL_DBe3asbBguGq_l/view?usp=drivesdk,Coalza Systems S.L.,Packaging Machinery,Coalza Systems S.L.,"Machinery for packaging, suitable for all sectors.",Top right sidebar
99,https://drive.google.com/file/d/1FqY5Czv7GfO65HlJL_DBe3asbBguGq_l/view?usp=drivesdk,Acer Chromebook Plus 515,Laptop,Acer,Intel Core i5 150€ discount available.,Bottom section
99,https://drive.google.com/file/d/1FqY5Czv7GfO65HlJL_DBe3asbBguGq_l/view?usp=drivesdk,Ayuda en Acción,Charity/Support,Ayuda en Acción,Donate to help people in need.,Right sidebar
99,https://drive.google.com/file/d/1FqY5Czv7GfO65HlJL_DBe3asbBguGq_l/view?usp=drivesdk,Kang Videncia y Tarot,Consultation Services,Kang Videncia y Tarot,Free consultation available 24/7 for fortune telling.,Bottom section
99,https://drive.google.com/file/d/1yzxnOe9Y2efxOSGJmC69aCfqO6MWyNWC/view?usp=drivesdk,Acer Chromebook Plus 515,Laptop,Acer,"The new Acer Chromebook Plus 515 features an Intel Core i7 processor with a sleek design, ideal for productivity on the go.",bottom section
99,https://drive.google.com/file/d/1_M7ctKdTKfZuOoVEXWSZL3AhQkl9E_2e/view?usp=drivesdk,Acer Nitro V 15,Gaming Laptop,Acer,Powerful gaming laptop equipped with Intel Core i7.,bottom section
99,https://drive.google.com/file/d/1_M7ctKdTKfZuOoVEXWSZL3AhQkl9E_2e/view?usp=drivesdk,Vueling Flights,Flight Booking,Vueling,Flights starting from €34.99.,sidebar
99,https://drive.google.com/file/d/1Vs-7jRNR2o90XmUrvR8vOC_8ZVrsGoA1/view?usp=drivesdk,Acer Nitro V 15,Gaming Laptop,Acer,Powerful gaming laptop with Intel Core i7 processor and high-performance graphics.,Sidebar
99,https://drive.google.com/file/d/1YTljWdyOhWO2zA2UPaAf2I2JJjurhqAU/view?usp=drivesdk,Nuevo PEUGEOT 2008 HYBRID,Car,Peugeot,Advertisement for the new Peugeot 2008 Hybrid vehicle.,Main content area
99,https://drive.google.com/file/d/1YTljWdyOhWO2zA2UPaAf2I2JJjurhqAU/view?usp=drivesdk,Acer Chromebook Plus 515 Pantalla Tactil,Laptop,Acer,Advertisement for the Acer Chromebook Plus 515 touchscreen laptop.,Bottom section
99,https://drive.google.com/file/d/1YTljWdyOhWO2zA2UPaAf2I2JJjurhqAU/view?usp=drivesdk,vueling,Airline,Vueling,"Advertisement for Vueling airline services, featuring a scenic destination.",Sidebar
99,https://drive.google.com/file/d/1w8nkawVdyrWBO9QyA3eoZqFEPOmX-Yhk/view?usp=drivesdk,Nuevo PEUGEOT 2008 HYBRID,Car,Peugeot,Introducing the new PEUGEOT 2008 HYBRID with improved features and technology.,top section before the headline
99,https://drive.google.com/file/d/1w8nkawVdyrWBO9QyA3eoZqFEPOmX-Yhk/view?usp=drivesdk,Acer Nitro V 15 Portable Gaming,Laptop,Acer,Powerful gaming laptop with Intel Core i7 for an enhanced gaming experience.,bottom left section
99,https://drive.google.com/file/d/1z7A3kyW6ui68yqfVMaUPv0v6ElkvViaN/view?usp=drivesdk,Paco de Lucía Concert,Concert tickets,PalaudelaMúsica,A concert titled 'Homenaje a Paco de Lucía' featuring excellent performances.,banner section
99,https://drive.google.com/file/d/1z7A3kyW6ui68yqfVMaUPv0v6ElkvViaN/view?usp=drivesdk,Acer Nitro V 15,Gaming Laptop,Acer,Acer Nitro V 15-Portable gaming laptop with Intel Core i7.,inline section
99,https://drive.google.com/file/d/1z7A3kyW6ui68yqfVMaUPv0v6ElkvViaN/view?usp=drivesdk,Acer Chromebook Plus 15,Chromebook,Acer,Acer Chromebook Plus 15 with touchscreen.,inline section
99,https://drive.google.com/file/d/1z7A3kyW6ui68yqfVMaUPv0v6ElkvViaN/view?usp=drivesdk,Aiper Scuba SE,Cordless Robotic Vacuum,Aiper,Cordless robotic vacuum with a 150€ discount.,sidebar
99,https://drive.google.com/file/d/1q1OCox5t3lCRZPxGGmdEKAFLUkchH6ce/view?usp=drivesdk,Aiper Scuba S1,Cordless Robotic Vacuum,Aiper,"Aiper Scuba S1 cordless robotic vacuum on sale for €599.99, with a €150 discount from original price.",sidebar
99,https://drive.google.com/file/d/1q1OCox5t3lCRZPxGGmdEKAFLUkchH6ce/view?usp=drivesdk,Acer Nitro V 15,Gaming Laptop,Acer,"Acer Nitro V 15 gaming laptop with Intel Core i7 on sale for €699, with a €300 discount.",bottom
723,https://drive.google.com/file/d/1VpvzBtk-lLxvZRwYnGJzuV5w298u7MVq/view?usp=drivesdk,Renault Care Service,Automobile Services,Renault,Your Renault with more than 5 years enjoys exclusive benefits.,Sidebar
723,https://drive.google.com/file/d/1nGolavIY8feJICsbUBVZH89JE8LhiSnn/view?usp=drivesdk,Drive Magazine,Automotive Magazine,Drive,"Promoting the newest issue of Drive, focusing on automotive topics and reviews.",Sidebar
723,https://drive.google.com/file/d/1nGolavIY8feJICsbUBVZH89JE8LhiSnn/view?usp=drivesdk,History Magazine,History Magazine,History,"Offering the latest edition of History, which covers historical events and figures.",Sidebar
723,https://drive.google.com/file/d/1nGolavIY8feJICsbUBVZH89JE8LhiSnn/view?usp=drivesdk,E-Tech Magazine,Technology Magazine,Drive,Featuring the latest trends in technology and automotive developments.,Sidebar
723,https://drive.google.com/file/d/1IrTGPjXI6Zi0EK2KMrIIpGjh5oewEgbz/view?usp=drivesdk,Vota Esquerra Republicana,Political Campaign,Esquerra Republicana,"A campaign promoting voting for the Esquerra Republicana party, highlighting support for the Ukrainian army and military mobilization.","Middle section of the page, overlaid on an image."
723,https://drive.google.com/file/d/1IrTGPjXI6Zi0EK2KMrIIpGjh5oewEgbz/view?usp=drivesdk,Etoro,Financial Trading Platform,Etoro,Invest in a smarter way with Etoro's economic calendar.,Sidebar
723,https://drive.google.com/file/d/1IrTGPjXI6Zi0EK2KMrIIpGjh5oewEgbz/view?usp=drivesdk,PRONEWS,News Outlet,PRONEWS,"Ad for the news service, showcasing various news coverage.","Middle section of the page, under the voting ad."
723,https://drive.google.com/file/d/11ZGl6gst-eAnausiCQcO-wLnUdtaErx9/view?usp=drivesdk,Greenpeace Greece ad,Environmental Awareness Campaign,Greenpeace,Promoting awareness on environmental issues and encouraging actions for conservation.,Banner on the main content area
723,https://drive.google.com/file/d/1LXN9kCijRNHkhvod-zQGceI419DfLct-/view?usp=drivesdk,Fiido T1pro Electric Bike,Electric Bike,Fiido EU,Fat Tire w/750W brushless motor electric Cruiser Bike 93Mi...,inline
723,https://drive.google.com/file/d/1qStJt9H8pzJrm0Nnlz49bp-7bIvSx6Ju/view?usp=drivesdk,See the top 5 news,News content,ProNews,An advertisement promoting the top news stories featured on the ProNews website.,bottom of the page
723,https://drive.google.com/file/d/1qStJt9H8pzJrm0Nnlz49bp-7bIvSx6Ju/view?usp=drivesdk,Stop seeing this ad,Ad control,Google,A Google ad prompting users to stop seeing this type of advertisement.,sidebar
723,https://drive.google.com/file/d/1xw74FE7b2voBvJiydCKmjv-Wu5_vVxhG/view?usp=drivesdk,MarSenses,Hotels & Homes,MarSenses,This summer share your smile. Book your 2024 vacations now with up to 35% off.,banner
723,https://drive.google.com/file/d/1Bdt1P3Z8SLrLKux7SDN621L1M8fXhxeW/view?usp=drivesdk,Follow us on Instagram,Instagram account,pronews.gr,A photo with text: Follow pronews.gr on Instagram to 'see' the real world!,bottom section
562,https://drive.google.com/file/d/1cEAflUqF6nl_U4XGSz-PQLEgj37Fm8wf/view?usp=drivesdk,Vueling,Airline Services,Vueling Airlines,Vueling offers low-cost flights across Europe.,Top section near the headline
562,https://drive.google.com/file/d/1cEAflUqF6nl_U4XGSz-PQLEgj37Fm8wf/view?usp=drivesdk,Openbank,Mortgage Services,Openbank,Openbank offers various mortgage options with flexible terms and conditions.,Right sidebar
562,https://drive.google.com/file/d/1YFXbwcjhDY_VdKL1dgs-c7j4AkRxA6gT/view?usp=drivesdk,HIPOTECA OPEN,Mortgage services,Openbank,A financial service offering varying mortgage options to personal accounts.,Sidebar
562,https://drive.google.com/file/d/1YFXbwcjhDY_VdKL1dgs-c7j4AkRxA6gT/view?usp=drivesdk,ROLL UP,Advertising banner,N/A,"An advertisement for a roll-up banner, dimensions 85x200cm, priced at 58.90€.",Banner
562,https://drive.google.com/file/d/12VlG5s0s2hWT3vExOXvLz5s13ywKVetX/view?usp=drivesdk,ROLL UP Banner,Banner display,7dnevno.hr,A roll-up banner display available for purchase,sidebar
562,https://drive.google.com/file/d/1LncVKvRrXypW3nAbneh1HzgFPqnBaW1B/view?usp=drivesdk,Vueling,Flight bookings,Vueling Airlines,From €34.99 for flight bookings.,bottom section
562,https://drive.google.com/file/d/1LncVKvRrXypW3nAbneh1HzgFPqnBaW1B/view?usp=drivesdk,Keto Slim,Weight management product,Keto Slim,Lose 15 kg in 17 days with this product.,sidebar
562,https://drive.google.com/file/d/1LncVKvRrXypW3nAbneh1HzgFPqnBaW1B/view?usp=drivesdk,Ostex,Joint pain relief,Ostex,"For joint, knee, and hip pain relief, check this out.",sidebar
562,https://drive.google.com/file/d/1LncVKvRrXypW3nAbneh1HzgFPqnBaW1B/view?usp=drivesdk,Hondro Sol,Joint health supplement,Hondro Sol,"For those suffering from joint pain and looking for a solution, this is the recipe.",sidebar
562,https://drive.google.com/file/d/1LncVKvRrXypW3nAbneh1HzgFPqnBaW1B/view?usp=drivesdk,Keto Matcha Blue,Weight loss product,Keto Matcha Blue,Drink every day to lose weight and maintain health.,sidebar
562,https://drive.google.com/file/d/1lngBuL7kwQwDXPOtkAfZuQ5rt1tVpfNv/view?usp=drivesdk,1 Vaso antes de irte a la cama y bajas 15 Kg en 17 días,Keto Slim,,A product promising weight loss through a specific regimen involving a drink before bedtime.,sidebar
562,https://drive.google.com/file/d/1lngBuL7kwQwDXPOtkAfZuQ5rt1tVpfNv/view?usp=drivesdk,"Si tiene dolor de articulaciones, rodillas y caderas, lea esto",Ostex,,A product targeted toward relieving joint pain.,sidebar
562,https://drive.google.com/file/d/1lngBuL7kwQwDXPOtkAfZuQ5rt1tVpfNv/view?usp=drivesdk,Las personas con dolor de espalda y cadera tienen que leer esto,Hondro Sol,,A remedy that claims to help those suffering from back and hip pain.,sidebar
562,https://drive.google.com/file/d/1lngBuL7kwQwDXPOtkAfZuQ5rt1tVpfNv/view?usp=drivesdk,Bebe todos los días y pierde 15 kg en un mes. Aquí está la receta,Keto Matcha Blue,,A weight loss product with a recipe that claims significant results in a short duration.,sidebar
139,https://drive.google.com/file/d/17FUxmnayD5sOTHQ1pxvdb3HuN40Yceeg/view?usp=drivesdk,Drive Magazine,Automobile and Technology Magazine,Drive,"A magazine focused on automobile technology and news, featuring up-to-date information about cars and automotive advancements.","Top section, before the headline"
139,https://drive.google.com/file/d/17FUxmnayD5sOTHQ1pxvdb3HuN40Yceeg/view?usp=drivesdk,History Magazine,Historical Magazine,History,"A magazine that covers historical events, profiles of historical figures, and insights into different eras of history.","Top section, before the headline"
139,https://drive.google.com/file/d/17FUxmnayD5sOTHQ1pxvdb3HuN40Yceeg/view?usp=drivesdk,E-Tech,Technology Magazine,E-Tech,A magazine that focuses on the latest technology trends and innovations across various sectors.,"Top section, before the headline"
139,https://drive.google.com/file/d/17FUxmnayD5sOTHQ1pxvdb3HuN40Yceeg/view?usp=drivesdk,History Magazine,History Magazine,History,Another edition of the historical magazine focused on various significant events and figures from the past.,"Top section, before the headline"
139,https://drive.google.com/file/d/1SD9soZNJnnMCkerDw8kiehgSZYDnS9dc/view?usp=drivesdk,3 Years,Subscription Service,N/A,Promoting a subscription service with a 3-year offer.,Bottom section of the page
139,https://drive.google.com/file/d/1SD9soZNJnnMCkerDw8kiehgSZYDnS9dc/view?usp=drivesdk,Top 5 News,News Channel,PRONEWS,Promoting the top 5 news stories from PRONEWS.,"Middle section, inline with video content"
139,https://drive.google.com/file/d/11vgbjK2XBqFi4RQUmfcluy51ip-cM3o6/view?usp=drivesdk,,Kia EV3,Kia,A new SUV model from Kia that has been revealed.,bottom section
139,https://drive.google.com/file/d/1wYbwlVQ1Uk-aqCHWR51IeiNI5TuUjYLk/view?usp=drivesdk,Museo del Prado Exhibition,Art Exhibition,Museo Nacional del Prado,"An exhibition showcasing drawings from the time of Goya, titled 'From Pencil to Buril'.",Left sidebar
139,https://drive.google.com/file/d/1HkKUH2QC17wuCibxTQwdKhF8xuz5G7pk/view?usp=drivesdk,Top 5 News,News content,ProNews,A banner highlighting the top 5 news stories.,banner
139,https://drive.google.com/file/d/1EuGQBKVfjeHBB4OPn8_YrLQzvYqLN5cq/view?usp=drivesdk,ySOY,Music Album,Amanda Miguel,A promotion for Amanda Miguel's music album 'ySOY'.,inline on the main content area
139,https://drive.google.com/file/d/1EuGQBKVfjeHBB4OPn8_YrLQzvYqLN5cq/view?usp=drivesdk,PRONEWS,Newsletter,PRONEWS,A newsletter service offering updates on top news stories.,sidebar
139,https://drive.google.com/file/d/1kDV_TuBEQsYkGT0v1HmugXmqOoHUIihR/view?usp=drivesdk,Top News Videos,News Reports,ProNews,Watch the latest top 5 news videos breaking around the world.,sidebar
139,https://drive.google.com/file/d/1kDV_TuBEQsYkGT0v1HmugXmqOoHUIihR/view?usp=drivesdk,Subscribe to Premium,Premium Membership,ProNews,Get unlimited access to all articles and videos by subscribing to our premium membership.,bottom
139,https://drive.google.com/file/d/1PorljxtAUhrci0WSut29UOZtXAoe6ab1/view?usp=drivesdk,EU Document Submission,Document submission service,European Union,Send your documents from Greece before May 28th. Vote from where you are!,banner
139,https://drive.google.com/file/d/1MhIu0yw1QADwnLt_ne97WF9sGtlioKOq/view?usp=drivesdk,Pronews Video Highlights,News content,Pronews,Watch the top 5 news stories on Pronews.,sidebar
473,https://drive.google.com/file/d/13LLRULeAK-nEqotysO0bva5v5vuX8Zxn/view?usp=drivesdk,Alpha Bank,Financial Services,Alpha Bank,Committed until 2050 to zero emissions of greenhouse gases.,top section
473,https://drive.google.com/file/d/1_kOnaVfVrY-ZDPXEeZ1FpMJdgZRzsjvr/view?usp=drivesdk,,,,Ads by Google,sidebar
473,https://drive.google.com/file/d/1lGSa3hBqgK6j1_HOlR6dnvruMehexonn/view?usp=drivesdk,EUROBANK,Banking Services,EUROBANK,36 birthday celebrations with happy surprises,sidebar
473,https://drive.google.com/file/d/1lGSa3hBqgK6j1_HOlR6dnvruMehexonn/view?usp=drivesdk,ALPHA BANK,Banking Services,ALPHA BANK,The minimum wage has increased by 27.7% since 2019.,sidebar
473,https://drive.google.com/file/d/11tW-TSwQI9ZTj1J1weXGHEYKDeF5ZYcU/view?usp=drivesdk,Anuncis de Google,,,Ads displayed by Google,Sidebar
473,https://drive.google.com/file/d/11tW-TSwQI9ZTj1J1weXGHEYKDeF5ZYcU/view?usp=drivesdk,Anuncis de Google,,,Ads displayed by Google,Sidebar
473,https://drive.google.com/file/d/1Am-vKFe8uve2FffI7PjZc2e0ma0pifOy/view?usp=drivesdk,Alpha Bank,Banking Services,Alpha Bank,Financial services including banking and loans.,sidebar
473,https://drive.google.com/file/d/1r9V0GTA3_aXnqy2UMTI7ssXnLuCcUYRG/view?usp=drivesdk,Anuncis de Google,Google Ads,Google,Advertisement suggestions,sidebar
88,https://drive.google.com/file/d/1-ZPKC6sY86X38Jud7mU81LhBWqSEiMUd/view?usp=drivesdk,Open the door to security and new freedom of movement,Web movement service,ISEO,A service promoting online security and freedom of movement.,sidebar
88,https://drive.google.com/file/d/1jmmva91h-v2vWi57FlhqXHnRnkpseQ3Z/view?usp=drivesdk,Vitamin C,Vitamin C supplements,Intermed,Promoting Vitamin C supplements for health.,Sidebar
88,https://drive.google.com/file/d/1jmmva91h-v2vWi57FlhqXHnRnkpseQ3Z/view?usp=drivesdk,Online Insurance,Online insurance services,SIGAL,Offering online insurance services and assistance.,Sidebar
88,https://drive.google.com/file/d/1jmmva91h-v2vWi57FlhqXHnRnkpseQ3Z/view?usp=drivesdk,Catalog and Offers,Store catalog,SPAR,Promoting the store catalog with special offers.,Sidebar
88,https://drive.google.com/file/d/1jmmva91h-v2vWi57FlhqXHnRnkpseQ3Z/view?usp=drivesdk,Wedding Photos,Wedding photo stories,Best Vida,Sponsored story about wedding photos that became family legends.,Bottom section
88,https://drive.google.com/file/d/1pqL62O6nZiT0dgQ4ty0nvFOxr5cOe5RV/view?usp=drivesdk,Reinos de los gigantes felinos,Exploration of the world of felines,Unknown,Sponsored content about exploring the world of large felines.,Bottom left section
214,https://drive.google.com/file/d/1MIoRN8AzOdryrFhm4EqQa0MbU_lkuh8w/view?usp=drivesdk,Simyo,Fiber Internet,Simyo,High-speed fiber internet connection with a plan offering 600 Mbps for €27.99 per month.,Sidebar
214,https://drive.google.com/file/d/1dbqASkV9M_AGYqvz3iWhbX7ISpPb7jb_/view?usp=drivesdk,Octopus Solar,Solar Energy,Octopus Energy,A solar energy plan offering affordable energy rates for evenings and weekends based on solar surplus.,Left sidebar
214,https://drive.google.com/file/d/1dbqASkV9M_AGYqvz3iWhbX7ISpPb7jb_/view?usp=drivesdk,Ducati Motorcycle,Motorcycle,Ducati,Multistrada V4 available for €229/month with specific financing conditions.,Bottom sidebar
214,https://drive.google.com/file/d/17Bisw20mO6IerkRg9toztQnDGx_MnryT/view?usp=drivesdk,Ducati Multistrada,Motorcycle,Ducati,"The ad promotes the Ducati Multistrada V4 S available for €229/month, highlighting a special payment plan.",sidebar
214,https://drive.google.com/file/d/10F2_g-4odC-LIg7Gqb7gmgQR9A95svpI/view?usp=drivesdk,RADISSON HOTELS,Hotel accommodations,Radisson,Enjoy beaches and mountain trails in Gran Canaria.,Sidebar
214,https://drive.google.com/file/d/1k55xciymebiCSpxLY6amTwU6wWDhR0R8/view?usp=drivesdk,Nuevo PEUGEOT 2008 HYBRID,PEUGEOT 2008 HYBRID,Peugeot,Promoting the new PEUGEOT 2008 HYBRID vehicle.,Main content section
214,https://drive.google.com/file/d/1k55xciymebiCSpxLY6amTwU6wWDhR0R8/view?usp=drivesdk,Alarm with smart lock,Intelligent lock alarm,Securitas Direct,Offering a smart lock alarm installation for free this month.,Main content section
214,https://drive.google.com/file/d/1aEzOJ8IyS02EqOQomg8nqVNb2KmZn8tN/view?usp=drivesdk,Simyo,Mobile Service Plans,Simyo,5G mobile plans with 4GB for 5 Euros per month.,Sidebar
214,https://drive.google.com/file/d/1aEzOJ8IyS02EqOQomg8nqVNb2KmZn8tN/view?usp=drivesdk,Intermittent Fasting Guide,Health and Fitness Guide,Unspecified,Basic concepts of intermittent fasting for men categorized by age.,Bottom
214,https://drive.google.com/file/d/1D2nC0kqlx3XJrlW-z4Lu7LAPqN78HaNN/view?usp=drivesdk,CONCEPTOS BÁSICOS DEL AYUNO INTERMITENTE,Intermittent Fasting Guide,[Company name not specified],"A guide focusing on the basics of intermittent fasting for men, including age-specific information.",bottom section of the website
214,https://drive.google.com/file/d/1Y6W4-KCLs8gLXlcn6dduWAySINrfMHud/view?usp=drivesdk,Conceptos básicos del ayuno intermitente para hombres,Intermittent fasting guide,N/A,"A guide explaining basic concepts of intermittent fasting aimed at men, featuring different age groups and schedules.",Sidebar
214,https://drive.google.com/file/d/1oXOpicvbesNpjpFJao7-03HMp8U-GtMT/view?usp=drivesdk,TOP 5 NEWS,,ProNews,A promotion showcasing the top 5 news stories.,"bottom section, inline"
214,https://drive.google.com/file/d/1tP97LX7ZLp62mo2ZIYr2nqrdPlpuXsrU/view?usp=drivesdk,Opening Sale,Shorts,Temu,Shorts on sale from €28.89 to €1.53. Limited time offer.,Banner
214,https://drive.google.com/file/d/1f9hBdQ36ZxeuPkUvJv0oHZb9fwJVQZzo/view?usp=drivesdk,Instagram Follow,Instagram account,pronews.gr,Follow pronews.gr on Instagram for real-life insights.,Inline text below an image
214,https://drive.google.com/file/d/1f9hBdQ36ZxeuPkUvJv0oHZb9fwJVQZzo/view?usp=drivesdk,ProNews Video,Top News Videos,ProNews,Watch the top 5 news stories.,Sidebar video section
548,https://drive.google.com/file/d/1Q6BmYsaCZ1cSyoLZYdDLPZUb-oJ3n1YQ/view?usp=drivesdk,Vueling.,Airline Tickets,Vueling,Flights from Rome (FCO) to Barcelona (BCN) starting at 24.99 €,Inline advertisement above headline
548,https://drive.google.com/file/d/1Q6BmYsaCZ1cSyoLZYdDLPZUb-oJ3n1YQ/view?usp=drivesdk,Alquiler Coches Canarias,Car Rentals,Alquiler Coches Canarias,Car rental services in the Canary Islands,Bottom advertisement
548,https://drive.google.com/file/d/1cZTztEbQKiLrohWNx8FTeNWa3l1JoW18/view?usp=drivesdk,Vueling Flight Offer,Flight Tickets,Vueling,Flight from Barcelona (BCN) to Florence (FLR) from €34.99,Sidebar
548,https://drive.google.com/file/d/1f3AHWFrL0YVDmAVn_kOvuUVfZVrg174Q/view?usp=drivesdk,Endesa Advertisement,Energy services,Endesa,"Save €620* with Formidable Energy. Contract electricity, gas, and maintenance services, and save €620* over 2 years.",Sidebar
548,https://drive.google.com/file/d/1f3AHWFrL0YVDmAVn_kOvuUVfZVrg174Q/view?usp=drivesdk,Movistar Advertisement,Internet services,Movistar,Equal savings with whoever you are connected to. Subscribe for €14/month.,Bottom
548,https://drive.google.com/file/d/1WYTUVjmP05mYjZoh-1Rpf38fHPaoDBZJ/view?usp=drivesdk,Movistar,Internet Subscription Service,Movistar,Subscribe now to get your internet at home with this promotional offer.,Banner (bottom)
548,https://drive.google.com/file/d/1tv3T9MZa4I38BDxxHGvM-FCJrZGiSNQs/view?usp=drivesdk,Plan perfecto,Mobile Plan,Movistar,"Perfect plan: You, your mobile, and a lot of data. Multiply your gigabytes X4 for the same price.",Sidebar
548,https://drive.google.com/file/d/1bE2vNxzRxpgpncJtfboTCx5c_DawoYjS/view?usp=drivesdk,Mobile Plan,Mobile service,Movistar,A monthly mobile plan starting at €31.90 with no permanence.,Bottom section
548,https://drive.google.com/file/d/1FdUgw5x6tS2GhGZdLq2dRg4p6i3UxQRX/view?usp=drivesdk,Homenaje a Paco de Lucía,Concert,Palau de la Música Catalana,A concert in homage to the artist Paco de Lucía.,Main section of the website
548,https://drive.google.com/file/d/1py72DvGzo60DIs8vdZLzp0pnAyvvOupv/view?usp=drivesdk,Teletrabaja,Internet Service,Movistar,Work from home with a 300Mb fiber connection. Reliable and high-quality internet service.,bottom section
548,https://drive.google.com/file/d/1rh3nSndCMZfhBW1MVPyAHRQqrbs4-uWN/view?usp=drivesdk,No compres paneles solares,Solar Panels,Government of Spain,The government will install solar panels on your roof if you live in one of these 11 provinces.,inline advertisement below the headline
548,https://drive.google.com/file/d/1rh3nSndCMZfhBW1MVPyAHRQqrbs4-uWN/view?usp=drivesdk,Endesa Savings,Energy Plan,Endesa,Find out how much you can save with Endesa.,sidebar advertisement on the right
548,https://drive.google.com/file/d/1rh3nSndCMZfhBW1MVPyAHRQqrbs4-uWN/view?usp=drivesdk,Adobe Creative Cloud Discounts,Creative Cloud Service,Adobe,Students can save more than 60% on Creative Cloud.,inline advertisement at the bottom
548,https://drive.google.com/file/d/10wqArgomQBDfWjxskc5dEmeKlKAHfqRd/view?usp=drivesdk,Endesa,Electricity saving service,Endesa,See how much you can save with Endesa.,Right sidebar
548,https://drive.google.com/file/d/10wqArgomQBDfWjxskc5dEmeKlKAHfqRd/view?usp=drivesdk,Adobe,Adobe Creative Cloud,Adobe,Students save more than 60% on Creative Cloud.,Bottom right
548,https://drive.google.com/file/d/1DDAGR7UGOC48bQoPOE8QeLPqu-D4OvTx/view?usp=drivesdk,Adobe Creative Cloud,Creative software suite,Adobe,Students save more than 35% on Creative Cloud.,sidebar
548,https://drive.google.com/file/d/1DDAGR7UGOC48bQoPOE8QeLPqu-D4OvTx/view?usp=drivesdk,Adobe Creative Cloud,Creative software suite,Adobe,Buy now.,bottom
548,https://drive.google.com/file/d/1RdcmYgKDTVCbLZyG4Rwm6lvY4pXJRxbV/view?usp=drivesdk,Fibra mejor valorada,Fiber Internet Service,Unknown,A promotional advertisement for fiber internet with good value.,Bottom section of the page
548,https://drive.google.com/file/d/1RdcmYgKDTVCbLZyG4Rwm6lvY4pXJRxbV/view?usp=drivesdk,Smart WiFi incluido,Internet service package,Unknown,Internet service that includes a smart WiFi router as part of the package.,Bottom section of the page
548,https://drive.google.com/file/d/1y5z8pfrVg7REW289tifBtJsNVCU50YIz/view?usp=drivesdk,Volkswagen Crafter,Van,Volkswagen,Volkswagen Crafter is a versatile delivery van.,Banner at the top of the page
548,https://drive.google.com/file/d/1y5z8pfrVg7REW289tifBtJsNVCU50YIz/view?usp=drivesdk,Movistar,Subscription service,Movistar,Mobile internet subscription with no permanence.,Bottom section of the page
548,https://drive.google.com/file/d/1qLmFofQy9IGnd0D_yl7vcRkiaOVOipjG/view?usp=drivesdk,Adobe Creative Cloud,Creative Cloud,Adobe,Students get up to 35% off on Creative Cloud subscriptions.,bottom
231,https://drive.google.com/file/d/1F1C0YfKjH1Y00oiktOF6LvKaRJAlguKX/view?usp=drivesdk,Honvédelmi Napja,Defense Event,[Company not specified],Day of Defense event notification.,Right sidebar
231,https://drive.google.com/file/d/1F1C0YfKjH1Y00oiktOF6LvKaRJAlguKX/view?usp=drivesdk,A nuestro desayuno entras con cara de sueño y te vas con cara de estar soñando.,Breakfast service,[Company not specified],Promotional text for a breakfast service offering a relaxing and enjoyable experience.,Bottom section
231,https://drive.google.com/file/d/150rnyTHWuTBgsY555HYnZiqs-lyKcf4X/view?usp=drivesdk,Köszönjük az együttműködést,Community engagement,Local Council,Acknowledging community collaboration and participation in local governance.,banner
231,https://drive.google.com/file/d/1iB6lNdWn3Ex_OIH2CUL_elO4N8Fji9rP/view?usp=drivesdk,Honvédelmi Nap,Military Defense Day,Helyi Hadkiegészítő Parancsnokság,A family day at the Bálna Military Center featuring military sports and programs to present military careers.,sidebar
231,https://drive.google.com/file/d/1hPvSzulVhcrR1RF5BvcKwTAnEUzgu1al/view?usp=drivesdk,Anuncis de Google,Google Ads,Google,Advertisement space that may display various ads from Google.,Inline (advertisement placeholder)
451,https://drive.google.com/file/d/1NAFpfxUFyxa8Ik88iKYjbaMT94jdjMJI/view?usp=drivesdk,Endesa Promotion,Energy plan,Endesa,Save €240* with Formidable Energy.,Bottom section
451,https://drive.google.com/file/d/14RG0_sPBmacEqYet_Ffe2Glz8xsfS98f/view?usp=drivesdk,Mūsių TV,Television Content,Mūsių TV,Watch various TV programs and content.,bottom
451,https://drive.google.com/file/d/1c7arxhZVBQKyn6bb3c2OLXTTf1EwESgf/view?usp=drivesdk,SEM RUSH,SEO Tool,Semrush,What is the secret of this small company to reach number 1 in searches?,Inline
451,https://drive.google.com/file/d/1c7arxhZVBQKyn6bb3c2OLXTTf1EwESgf/view?usp=drivesdk,Endesa,Energy Services,Endesa,"Save 290€ with Formidable Energy. Contract electricity and maintenance of electricity, and save 290€ in 2 years.",Sidebar
451,https://drive.google.com/file/d/1LAEY-3GCN4UtOc0YbfT_PIbMXp-z8JZu/view?usp=drivesdk,Endesa,Electricity and Energy Services,Endesa,Save 290€ with Endesa's energy services.,bottom section
451,https://drive.google.com/file/d/1_S25tHIc1vsAzvu_kqm_ly60vzX5CKci/view?usp=drivesdk,Homenaje a Paco de Lucía,Concert,Palau de la Música Catalana,"Concert paying tribute to Paco de Lucía. Date: 13th June, 20:00.",Inline
451,https://drive.google.com/file/d/1_S25tHIc1vsAzvu_kqm_ly60vzX5CKci/view?usp=drivesdk,SEMrush,SEO and marketing tool,SEMrush,What is the secret of this small company to reach number 1 in searches?,Inline
451,https://drive.google.com/file/d/1_S25tHIc1vsAzvu_kqm_ly60vzX5CKci/view?usp=drivesdk,Endesa,Energy services,Endesa,"Save €290* with Formidable Energy. Contract light and maintenance of light, and save €290* in 2 years.",Sidebar
451,https://drive.google.com/file/d/1H0reTyljOJg_TY3b9QFjolfxSBwaKKgx/view?usp=drivesdk,Endesa,Energy Savings,Endesa,Save €290* with Endesa.,bottom section
451,https://drive.google.com/file/d/1Gky_-8tNxNnsnHf7BMYKqdrYNJMHSmGP/view?usp=drivesdk,Endesa,Energy services,Endesa,"Save 290€ with Formidable Energy. Contract light and maintenance of light, and save 290€ in 2 years.",Right sidebar
451,https://drive.google.com/file/d/1Gky_-8tNxNnsnHf7BMYKqdrYNJMHSmGP/view?usp=drivesdk,Sorolla - Barcelona,Exhibition,Sorolla Expo,An exhibition featuring the works of Sorolla in Barcelona.,Bottom section
451,https://drive.google.com/file/d/1bUlJkhxiqx2XA5wNmt1IzJkHe153eQk1/view?usp=drivesdk,Latest News Alerts,News Updates,LT Naujienos,Stay updated with the latest news alerts from LT Naujienos. Get notifications on breaking news and important events.,sidebar
451,https://drive.google.com/file/d/1jhQrKD_V8nmEik-21WQEh-QS8jASFqXv/view?usp=drivesdk,Semrush,Digital Marketing Tools,Semrush,Get the same success as them,Sidebar
451,https://drive.google.com/file/d/10raNQF0odG_-GRWf4zrygye8pULm5HuY/view?usp=drivesdk,SEMrush,SEO and Marketing Tools,SEMrush,What is the secret of this small company to reach number 1 in searches? Try it for free.,Sidebar
451,https://drive.google.com/file/d/1QjHudem8k0fxSNIB1YwVYh_EBakZu-34/view?usp=drivesdk,Semrush,SEO and digital marketing tools,Semrush,What is the secret of this small company to reach number one in searches?,Right sidebar
514,https://drive.google.com/file/d/11PFcICgE5jWTMaeyC5oiC5xw55a30Ziu/view?usp=drivesdk,net.Flat,internet service,Unknown,A promotion for a solo internet plan.,banner at the top of the page
514,https://drive.google.com/file/d/11PFcICgE5jWTMaeyC5oiC5xw55a30Ziu/view?usp=drivesdk,bh,storytelling service,Unknown,A service focused on storytelling.,sidebar advertisement
514,https://drive.google.com/file/d/1sDP-KJrYhGTPvbEyxS9EM9zVWCN7822S/view?usp=drivesdk,Trick for Removing Scratches,Scratch Removal Trick,Unknown,"Every car has scratches, but few know this trick to remove them.",Sidebar or Banner
514,https://drive.google.com/file/d/1sDP-KJrYhGTPvbEyxS9EM9zVWCN7822S/view?usp=drivesdk,MetraSCAN 3D,3D Scanner,Creaform,"MetraSCAN 3D, the essential 3D scanner for control and reverse engineering.",Bottom
514,https://drive.google.com/file/d/16jCwmjW9vMZC87gJZ-aNPKz3E5ewHY4m/view?usp=drivesdk,Trick to Remove Scratches from Cars,Car Care Tips,NanoSparkle,"Every car has scratches, but few know this trick to remove them easily.",Banner
514,https://drive.google.com/file/d/1oFMqArPOedgbYxktMVLooYUChtkbrUk1/view?usp=drivesdk,NEW SUPER CANDY BOX,Bonbons,Red Apple,A promotional advertisement showcasing a new candy box with discounts.,Inline advertisement
514,https://drive.google.com/file/d/1Iy0tnqvgf7Y553hI_8e99AGbhfK0Rm2j/view?usp=drivesdk,Dresscode,Clothing,Dresscode,PROMOTION for PROM 30% DISCOUNT on clothing collections,banner
514,https://drive.google.com/file/d/1g7uDLq8LTRuLik0yuBZiRQiNiCAVLbok/view?usp=drivesdk,Iranian Commandos,Military operations,N/A,Iranian commandos descend from a helicopter and seize a ship linked to Israel,inline (article section)
514,https://drive.google.com/file/d/1NEWTUdo-qc1ECoZbmNAiGZe_Caz10l5t/view?usp=drivesdk,LKQ,Automotive Parts,LKQ Corporation,Keeping you moving,sidebar
547,https://drive.google.com/file/d/1s4RF0YQCnHHsa6L1aYxzYpWzG7lvfz7e/view?usp=drivesdk,American Express Card,Credit Card,American Express,Get 800€ for your restaurant spending,Sidebar
547,https://drive.google.com/file/d/1s4RF0YQCnHHsa6L1aYxzYpWzG7lvfz7e/view?usp=drivesdk,Car Rental Spain,Car Rental Services,Alquiler Coches Canarias,Rent a car in all the islands at the best price. Audioguia and 100% Secure,Inline
547,https://drive.google.com/file/d/1n45jmAUOZTzgc83vutJSKm9DxbRIC78P/view?usp=drivesdk,American Express Card,Credit Card,American Express,Get a welcome bonus and benefits for dining.,Sidebar
547,https://drive.google.com/file/d/13zBiSuam6F9D6O50MXdDqsahHkzQVo_r/view?usp=drivesdk,SwitchBot,Smart home devices,SwitchBot Inc.,"Smart home devices that make life easier, including remote control features.",sidebar
547,https://drive.google.com/file/d/13zBiSuam6F9D6O50MXdDqsahHkzQVo_r/view?usp=drivesdk,Denouncement of the Day,Media Publication,Informers,A critical coverage of daily events with a focus on Ukraine and global news.,bottom
547,https://drive.google.com/file/d/1X9zPokxMqZ04LBI3xK_iXcazVUWdfWjK/view?usp=drivesdk,American Express Card,Credit Card,American Express,A promotion for obtaining a Platinum Card with special offers.,Top section before the headline
547,https://drive.google.com/file/d/1X9zPokxMqZ04LBI3xK_iXcazVUWdfWjK/view?usp=drivesdk,,,,An ad related to a health supplement that claims to clean the lungs.,"Sidebar, right side"
547,https://drive.google.com/file/d/1X9zPokxMqZ04LBI3xK_iXcazVUWdfWjK/view?usp=drivesdk,,,,An advertisement about a home care service related to an elderly woman.,"Sidebar, right side"
547,https://drive.google.com/file/d/1X9zPokxMqZ04LBI3xK_iXcazVUWdfWjK/view?usp=drivesdk,,,,A photo advertisement about a local news event.,Bottom section
25,https://drive.google.com/file/d/1weOdOUCVb6SJ9mUu15Xs4eU56XG36cna/view?usp=drivesdk,Vueling Flights,Flight Tickets,Vueling Airlines,Book flights from Barcelona to Florence starting from €34.99.,Banner
25,https://drive.google.com/file/d/1PtqsexR05oxyg2Qu10yD8xi9ZFlwC-ns/view?usp=drivesdk,Kariuomenė ir karybos technologijos,Military and Defense Technology,N/A,Information about military and defense technologies.,Banner (Top section)
25,https://drive.google.com/file/d/1wOm7OnHZd0tCfw-cc4g3jePGfnZPN8zM/view?usp=drivesdk,Wiber,Car rentals,Wiber,Car rental services with various Fiat and Skoda models available at different prices.,Sidebar
25,https://drive.google.com/file/d/1mT2fmuZYwzU9tM4DR9KiOczAkkhD5qAe/view?usp=drivesdk,Слава России!,Video message from Ivan Syrskiy.,N/A,A video statement by Ivan Syrskiy regarding Russian military matters.,"Inline, near the main content"
25,https://drive.google.com/file/d/1_DHmPS_JsYa7i2iBx1jbOHmKQlL85FEB/view?usp=drivesdk,MELIÄ,Hotel stay,MELIÄ Collection,Promoting hotel stays at HACIENDA DEL CONDE.,sidebar
25,https://drive.google.com/file/d/1K59PlveHtpVE2MgM6Ksj7N-5tlKAZMOH/view?usp=drivesdk,JAV suduos prevencinių smūgių,US preventive strikes,N/A,The advertisement discusses the US's preventive strikes as part of the global military strategy.,top section before the headline
25,https://drive.google.com/file/d/1K59PlveHtpVE2MgM6Ksj7N-5tlKAZMOH/view?usp=drivesdk,Smogė ATACMS! „Iškepė“ S-300 ir S-400,Military weapon technology,N/A,"Details on the ATACMS missile system and its engagement with S-300 and S-400 missile systems, including photos and video content.",inline article
25,https://drive.google.com/file/d/1K59PlveHtpVE2MgM6Ksj7N-5tlKAZMOH/view?usp=drivesdk,Neitinkėta,Music listening experience,N/A,Focuses on what influences the enjoyment of music listening experiences.,inline article
25,https://drive.google.com/file/d/1K59PlveHtpVE2MgM6Ksj7N-5tlKAZMOH/view?usp=drivesdk,„Krizė prasidėjo. Xi Jinpingas vargų ar išgyvens.“,Political commentary,N/A,Discusses the challenges faced by Xi Jinping amidst a crisis.,inline article
25,https://drive.google.com/file/d/1K59PlveHtpVE2MgM6Ksj7N-5tlKAZMOH/view?usp=drivesdk,„Z-visuomenė ištiko šokas. To nesitikėjo niekas.“,Global news update,N/A,Covers the shocking event that has taken the global community by surprise.,inline article
25,https://drive.google.com/file/d/1KMMqLDH3NkMjSp9npsXm-i84m6BehuIN/view?usp=drivesdk,Anuncios de Google,,,This is an advertisement from Google.,Sidebar
549,https://drive.google.com/file/d/1Ow6djFZZJhdoykkCpWmzngMs0AOotHcH/view?usp=drivesdk,Sculpting Body Pack,Body Pack,,A pack designed to sculpt the body.,banner
549,https://drive.google.com/file/d/1Ow6djFZZJhdoykkCpWmzngMs0AOotHcH/view?usp=drivesdk,Sunrise Radiance,Radiance Product,,A product aimed at boosting radiance.,banner
549,https://drive.google.com/file/d/1Ow6djFZZJhdoykkCpWmzngMs0AOotHcH/view?usp=drivesdk,Exfoliating Rose Facial,Facial Exfoliant,,A facial exfoliant featuring rose extract.,banner
549,https://drive.google.com/file/d/1Ow6djFZZJhdoykkCpWmzngMs0AOotHcH/view?usp=drivesdk,Bye Bye Acne Pack,Acne Treatment Pack,,A pack specifically designed to treat acne.,banner
549,https://drive.google.com/file/d/1Ow6djFZZJhdoykkCpWmzngMs0AOotHcH/view?usp=drivesdk,CarteraAhorro,Savings Account,Invest Me,A savings account offering a competitive interest rate.,sidebar
549,https://drive.google.com/file/d/10m94LglX44B7VJT0RmbX8r7gWz6Owa_z/view?usp=drivesdk,Freshly,,,"A cosmetics or personal care advertisement, likely promoting beauty products.",Top section
549,https://drive.google.com/file/d/10m94LglX44B7VJT0RmbX8r7gWz6Owa_z/view?usp=drivesdk,Sculpting Body Pack,Body Pack,,A product with a price of 49.95 € likely aimed at body care or sculpting.,Top section
549,https://drive.google.com/file/d/10m94LglX44B7VJT0RmbX8r7gWz6Owa_z/view?usp=drivesdk,Sunrise Radiance,Radiance Product,,A product aimed at enhancing skin radiance with a price of 35.95 €.,Top section
549,https://drive.google.com/file/d/10m94LglX44B7VJT0RmbX8r7gWz6Owa_z/view?usp=drivesdk,Exfoliating Rose Facial,Exfoliating Facial Product,,A facial exfoliating product priced at 19.95 €.,Top section
549,https://drive.google.com/file/d/10m94LglX44B7VJT0RmbX8r7gWz6Owa_z/view?usp=drivesdk,Cartera Ahorro,Financial Services,inbestMe,Financial service offering with a promotion of a 3.60% interest rate on savings accounts.,Right sidebar
549,https://drive.google.com/file/d/1fjVWewIdAFUHB3BR1PeU1giMoUaOxVkh/view?usp=drivesdk,Hacienda del Conde Meliá Collection,Hotel/Resort Accommodation,Meliá,Promoting the Meliá hotel collection with prices starting from 161 € per night.,Inline banner in the middle of the page
549,https://drive.google.com/file/d/1fjVWewIdAFUHB3BR1PeU1giMoUaOxVkh/view?usp=drivesdk,Cartera Ahorro inbestMe,Savings Account,inbestMe,Offering savings account options with a 3.60% interest rate.,Sidebar
549,https://drive.google.com/file/d/16KnAi4PQKYfy-KPp7OKVQ2p_J9kxcedH/view?usp=drivesdk,HACIENDA DEL CONDE,Accommodation at Meliã Collection,Meliã Hotels International,Stay at HACIENDA DEL CONDE in the Meliã Collection starting from €161.,Main ad banner
549,https://drive.google.com/file/d/16KnAi4PQKYfy-KPp7OKVQ2p_J9kxcedH/view?usp=drivesdk,CarteraAhorro,Saving account,inbestMe,"Open a savings account with a 3.60% interest rate starting from €1,000.",Right sidebar
549,https://drive.google.com/file/d/16KnAi4PQKYfy-KPp7OKVQ2p_J9kxcedH/view?usp=drivesdk,Freshly,Body care products,Freshly,Sculpting Body Pack for €49.95.,Bottom section
549,https://drive.google.com/file/d/16KnAi4PQKYfy-KPp7OKVQ2p_J9kxcedH/view?usp=drivesdk,Vitamin C Concentrate,Skincare product,Unspecified,Vitamin C Concentrate available for €35.95.,Bottom section
549,https://drive.google.com/file/d/16KnAi4PQKYfy-KPp7OKVQ2p_J9kxcedH/view?usp=drivesdk,Sunrise Radiance,Skincare product,Unspecified,Sunrise Radiance available for an undisclosed price.,Bottom section
549,https://drive.google.com/file/d/16KnAi4PQKYfy-KPp7OKVQ2p_J9kxcedH/view?usp=drivesdk,Exfoliating Rose Face,Face care product,Unspecified,Exfoliating Rose Face available for an undisclosed price.,Bottom section
513,https://drive.google.com/file/d/1iZCR7KBo5fLZD4lP2A-C27pd9ibI0e3x/view?usp=drivesdk,Bikini de baño,Swimsuit,Carrefour,Sustainable women's swimsuit,Left sidebar
513,https://drive.google.com/file/d/1iZCR7KBo5fLZD4lP2A-C27pd9ibI0e3x/view?usp=drivesdk,Sustainable shorts,Shorts,Carrefour,Sustainable printed shorts for men,Bottom left sidebar
513,https://drive.google.com/file/d/1iZCR7KBo5fLZD4lP2A-C27pd9ibI0e3x/view?usp=drivesdk,Sustainable sandals,Sandals,Carrefour,Sustainable flip-flops for women,Right sidebar
513,https://drive.google.com/file/d/16C1Yce6Tp8UjchIue0oCKGe5QUmbuX_y/view?usp=drivesdk,Men's Swim Trunks,Swim Trunks,Carrefour,Sustainable printed swim trunks for men.,Left sidebar
513,https://drive.google.com/file/d/16C1Yce6Tp8UjchIue0oCKGe5QUmbuX_y/view?usp=drivesdk,Boys' Swim Shorts,Swim Shorts,Carrefour,Sustainable printed swim shorts for boys.,Right sidebar
513,https://drive.google.com/file/d/1_WoYYnjlEHBeeXwuGOwWQD0F9yi_qBq9/view?usp=drivesdk,Carrefour Swimwear,Swimwear,Carrefour,Printed swimwear for men offered at a discounted price.,Left sidebar
513,https://drive.google.com/file/d/1_WoYYnjlEHBeeXwuGOwWQD0F9yi_qBq9/view?usp=drivesdk,Unicef Donation Campaign,Donation,Unicef USA,Choose children first with your tax-deductible gift.,Inline
513,https://drive.google.com/file/d/1_WoYYnjlEHBeeXwuGOwWQD0F9yi_qBq9/view?usp=drivesdk,Acer Laptops Sale,Laptops,Acer,Discounted prices on various Acer laptops.,Right sidebar
513,https://drive.google.com/file/d/1wSfHN30X6EpISd-_QdaT_k7OaDfLmYK2/view?usp=drivesdk,Carrefour,Swimwear,Carrefour,"Sustainable printed swim shorts for men, priced at 9.99€",left sidebar
513,https://drive.google.com/file/d/1wSfHN30X6EpISd-_QdaT_k7OaDfLmYK2/view?usp=drivesdk,Vueling,Flight Services,Vueling Airlines,Flights from Madrid (MAD) to Florence (FLR),right sidebar
513,https://drive.google.com/file/d/1-qWiaJp2vI6s6jPl70fXx_pmsJ2x8ABe/view?usp=drivesdk,Bañador estampado sostenible de Hombre TEX,Sustainable men's swimwear,Carrefour,"A swimwear option that is environmentally friendly and trendy, priced at €9.99.",Sidebar
513,https://drive.google.com/file/d/1B_DGzBJY62e23nJ41k_-8cAswPiz1G2Y/view?usp=drivesdk,Bañador estampado sostenible de Hombre TEX,Sustainable Printed Swimwear,Carrefour,Sustainable printed swimwear for men.,Sidebar
523,https://drive.google.com/file/d/1gniZwwyoqJAmPjSA9wyNvVSuGWUSIy2r/view?usp=drivesdk,eBay,Online Marketplace,eBay,Renew your car insurance with eBay.,bottom
523,https://drive.google.com/file/d/1YucIDU45YtpshBmTNHJYKfuxU5cv9V1Y/view?usp=drivesdk,eBay,Online Marketplace,eBay,Renew your account! Enjoy an extensive selection of items and services.,Bottom section
523,https://drive.google.com/file/d/1YucIDU45YtpshBmTNHJYKfuxU5cv9V1Y/view?usp=drivesdk,Vueling,Airline Service,Vueling,"Book flights to various destinations, enjoy our services.",Sidebar
523,https://drive.google.com/file/d/15KMtOpB72obVwOolMu-Ffv2tkjDXMDV8/view?usp=drivesdk,¡Renueva tu auto!,Auto Insurance,eBay,Get extensive coverage and savings on your car insurance.,bottom section
523,https://drive.google.com/file/d/1fldnkjSFedPcSTACPgJTHGdWT3sM4e1R/view?usp=drivesdk,Vueling,Flight Services,Vueling,Flights from Barcelona to Florence starting at 34.99 €,Inline (near the main content)
523,https://drive.google.com/file/d/1fldnkjSFedPcSTACPgJTHGdWT3sM4e1R/view?usp=drivesdk,eBay,Online Marketplace,eBay,Renew your car! Choose from a wide selection of parts and accessories,Banner (bottom section)
523,https://drive.google.com/file/d/1fldnkjSFedPcSTACPgJTHGdWT3sM4e1R/view?usp=drivesdk,Magnanni,Shoes,Magnanni,Stylish footwear for modern men,Sidebar (right side)
523,https://drive.google.com/file/d/1VTYAv7vGMuqPVx24e5oCqQBG9Vmat6eB/view?usp=drivesdk,MAGNANNI,Shoes,MAGNANNI,A stylish pair of white and brown shoes.,sidebar
523,https://drive.google.com/file/d/1VTYAv7vGMuqPVx24e5oCqQBG9Vmat6eB/view?usp=drivesdk,eBay,Automotive services,eBay,Promoting auto renewal services and a wide selection of automotive products.,bottom
523,https://drive.google.com/file/d/1MhElpVrvvb6juD8WvLWJD4dQpeNr2Anr/view?usp=drivesdk,Osmi festival,,,"An advertisement for the Eighth Festival happening on March 23, providing an opportunity for unique experiences.",sidebar
523,https://drive.google.com/file/d/1MhElpVrvvb6juD8WvLWJD4dQpeNr2Anr/view?usp=drivesdk,Izrada Web Stranica!,Website Development Services,,35% off on quality website development services with affordable prices and modern design.,bottom
523,https://drive.google.com/file/d/1lqHIDCtn63Ekncf_BFPO4X8dTDNHZn47/view?usp=drivesdk,Web Design Services,Web Design,Unknown,35% discount on quality web design services.,Bottom section
523,https://drive.google.com/file/d/1lqHIDCtn63Ekncf_BFPO4X8dTDNHZn47/view?usp=drivesdk,eBay,Various Products,eBay,Renew your auto! Discover a wide range of responses and accessories on eBay.,Inline
147,https://drive.google.com/file/d/1Rc-fsULfBrTJaBY7tbxvn3OZraTcfD-3/view?usp=drivesdk,EU Elections Reminder,Voter Information,Greek Government,"A reminder regarding the European elections, encouraging citizens to vote with helpful information.",Sidebar
