Folder_Number,Image_Links,Headline,Article_Text,Published_Date,Publishing_Agency_Name,Author_Names,Keywords_Tags,Related_Article_Links,Sentiment,Tone,Narrative
723,"['https://drive.google.com/file/d/1AMWzPYJe29uKZ9BswBj7ycKno2II5E-2/view?usp=drivesdk', 'https://drive.google.com/file/d/1FdPXtiIImoz_SgX1ZABOLMMXS8j6DqsZ/view?usp=drivesdk', 'https://drive.google.com/file/d/1C-uF_3H9HqfDOx4FpPlPcZjkhchdeeJS/view?usp=drivesdk', 'https://drive.google.com/file/d/1FteupF2IzMzt-VzoFFVLw8iDT5yjqgpn/view?usp=drivesdk', 'https://drive.google.com/file/d/1G4VU7uX0WO1bomEelKb_8yxwMe6TxJ2O/view?usp=drivesdk', 'https://drive.google.com/file/d/1URhZG_bGrOQi0Z5dw8kUw79L7KusFieW/view?usp=drivesdk', 'https://drive.google.com/file/d/1rFxTcEhj-lfAEls1pcqQXcC65IiNumKH/view?usp=drivesdk']","The first 100 French soldiers of the 3rd Infantry Regiment arrive in Ukraine! - Another 1,400 will follow","The deployment of troops in Ukraine seems to have begun with the French, as reported in the press. The French soldiers are sent from the 30th Infantry Regiment, which is among the main components of the Legion of Foreigners. The French command has committed to supporting the Ukrainian 54th Independent Mechanised Brigade in Slavyansk.",05-05-2024,PRONEWS,[],[],[],Neutral,Descriptive,The article conveys a factual update regarding the deployment of French troops in Ukraine and highlights the commitment of France to support Ukrainian forces.
557,"['https://drive.google.com/file/d/1Qm3W-Tf0bunh5e_mUQWwzm0Rn1Wpd6Y2/view?usp=drivesdk', 'https://drive.google.com/file/d/1RceBBRkwX4hKxNeBEr4mi8hcqOaF9uCP/view?usp=drivesdk', 'https://drive.google.com/file/d/1yGueuCRNQeHpdd8F67t6XV5TgaV-Ljva/view?usp=drivesdk', 'https://drive.google.com/file/d/1DkwQeUzG4f_KZLGmjd7ftj9vujv8Lr1h/view?usp=drivesdk', 'https://drive.google.com/file/d/1YDpVpp2pvMtcqGS8TWI8i5Ml4F19FQUT/view?usp=drivesdk', 'https://drive.google.com/file/d/1tKVcolQ0TMfT0Jkk3da1fQNR2xSouV7p/view?usp=drivesdk', 'https://drive.google.com/file/d/1FTml6kQC73t47fnMip3xI3JRyyiJA17L/view?usp=drivesdk', 'https://drive.google.com/file/d/1clEIbltuBuDrsQzO2yEHURU81JetJ2nu/view?usp=drivesdk', 'https://drive.google.com/file/d/1JldD6Jm6Z4ZgFhy7TAbaHy7usmkoyJpS/view?usp=drivesdk', 'https://drive.google.com/file/d/14-yJQalgrN-PjtC4i3tEgb7LchIvqd-_/view?usp=drivesdk']",Correction: EU does not prohibit white goods,"We are correcting the initial incorrect version of the text.
The eventual prohibition implies a gradual ban on the market for appliances containing supercritical greenhouse gases, as well as stopping service for such devices until full ban on use by 2050.",09-10-2023,MONDO,[],"['EU', 'white goods', 'correction']",[],Neutral,Informative,"The article clarifies misconceptions regarding EU regulations, stating that there is no immediate prohibition on white goods but highlights gradual restrictions related to environmental policies."
549,"['https://drive.google.com/file/d/1LhSesnJqbUFKQ6xA9yUTfSeVHHPYKNuG/view?usp=drivesdk', 'https://drive.google.com/file/d/1AfSyXz4iY-PY8QN7oOA-5QDE6cwbOCDz/view?usp=drivesdk', 'https://drive.google.com/file/d/1hcAYdvlksq-MIdp9R6ZstowWRY3dQWCs/view?usp=drivesdk', 'https://drive.google.com/file/d/1rrMz9743TKT7L984fuvhp3zDyEiCyZAa/view?usp=drivesdk']","FACT-CHECK: The ""Palestinian doll"" is not for sale and is an activist's work","On the portal Slobodna Bosna, an article under the title ""MORBID AND TERRIFYING: Israelis released a 'bloody Palestinian doll' which appeared in a stand in Mexico (VIDEO)'. Analyzing the portal Raskrinkavanje.ba, it has been determined that this information is not accurate. Namely, the doll is the work of an activist and artist from Mexico, created with the intention of raising awareness about the suffering children in Palestine, and it is not sold in stores.",07-01-2024,Slobodna Bosna,[],"['Palestinian doll', 'Israel', 'Mexico', 'activism', 'fact-check']",[],Negative,Descriptive,"The article conveys a critical stance towards misinformation regarding sensitive topics related to Israel and Palestine, emphasizing the misrepresentation of an activist's artwork."
586,"['https://drive.google.com/file/d/1x9jhXbTMrLK0DGlRfBBxAyKh_fa41uRH/view?usp=drivesdk', 'https://drive.google.com/file/d/1_BQsmEurNkOJkxscUDV2ESIra2T-FuUX/view?usp=drivesdk', 'https://drive.google.com/file/d/1XjdYQXB4y4OTGBTwFvfOBDnJAMpDbyZc/view?usp=drivesdk', 'https://drive.google.com/file/d/1jFJ1Un9Ytt1Ij9GEthIBd4ZOzvknyc65/view?usp=drivesdk', 'https://drive.google.com/file/d/1r9Lj2ZP5tqsdk5NLaAUrxr7dzoni0-0T/view?usp=drivesdk', 'https://drive.google.com/file/d/1qf_MN2aaUNKZvcG4-8P8Q3my8gGfPRq-/view?usp=drivesdk', 'https://drive.google.com/file/d/11dqfUhEZtJJomZjQo1pYnFjht8M7fYd9/view?usp=drivesdk', 'https://drive.google.com/file/d/160Bw87STIjQsW1aZkCNx-FjtvIhv3LoO/view?usp=drivesdk', 'https://drive.google.com/file/d/19-pNGmPs9Y-2egvdG4cfbG2qRpExmal6/view?usp=drivesdk', 'https://drive.google.com/file/d/1BtUkdGHmfrUt-wy_qehOAkFvR7HFlzXc/view?usp=drivesdk', 'https://drive.google.com/file/d/1MfGxceVME16BIAbT_5gHqk5uJry6CF-n/view?usp=drivesdk', 'https://drive.google.com/file/d/17k0kPRV6dv0bRrAGVDs3NfB3KkQiASRG/view?usp=drivesdk']",What is the source of the floods that caused the first water shortages?,"Water shortages are a continuing and escalating problem in several areas of the world due to factors such as climate change, population growth, and unsustainable water use. With rising temperatures and changing climate patterns, the ability of regions to maintain sufficient rainfall and water supply is compromised. One recent study highlighted that about 30% of global areas are expected to experience increased precipitation, related to broader climate change phenomena. Scientists have warned that continued neglect of such problems could lead to severe water scarcity, affecting billions.

The impacts of climate change can be profound, with some areas experiencing severe droughts while others may face extreme flooding, leading to complex challenges in managing water resources. Countries will need to adopt integrated water resource management strategies that consider climatic variability and ongoing socio-economic changes to ensure adequate water supply for their populations. Effective action and cooperation across borders are essential for sustainable water management in a changing climate.",18-04-2024,Eθνος,['Richard Allan'],"['floods', 'water shortages', 'climate change', 'precipitation']","['""The impact of severe floods in urban areas""', '""Water management strategies for climate resilience""']",Negative,Descriptive,"The article discusses the impacts of climate change on water supply, emphasizing the complexities and challenges posed by extreme weather events like floods and droughts, suggesting a need for better water management strategies."
667,"['https://drive.google.com/file/d/1KJjAMwCu93CTGgIrEC79MuVluC3_YzyG/view?usp=drivesdk', 'https://drive.google.com/file/d/12cdIefRQpSed4cD4aWZppSXFquS-1p92/view?usp=drivesdk', 'https://drive.google.com/file/d/1ctP48z-n3tZHyON8yUl1vHX9nJtjLI2O/view?usp=drivesdk', 'https://drive.google.com/file/d/1n9hXNVXpzsLkC5-ckgFHzHM28g3QHmUh/view?usp=drivesdk', 'https://drive.google.com/file/d/1uxEgesNZnK8mpT7zrhzHcHv-aRXmapp4/view?usp=drivesdk', 'https://drive.google.com/file/d/1OyhnsTWC6Z1d7rX5cKB8b01Ku_5vtlEy/view?usp=drivesdk', 'https://drive.google.com/file/d/1jf23ThX_2sEEMsl0vZGxTPFmMP_cSOKR/view?usp=drivesdk', 'https://drive.google.com/file/d/1AYZPjFdKqqOV-f-YEOYxMfIB2uKAZoBs/view?usp=drivesdk']","Minister of Agriculture and Fisheries: ""The first objective is not to lose a cent of the CAP""","The PDR 2020 ""still has around 670 million euros to execute,"" says José Manuel Fernandes. ""The best way to defend the next funds [of the CAP] is to use them well.""",22-04-2024,Público,"['Teresa Silveira', 'Paulo Pimenta']",[],[],Neutral,Informative,"The article presents a pro-EU stance focusing on the significance of utilizing EU funds effectively, particularly within the framework of the CAP."
548,"['https://drive.google.com/file/d/1YNwxejVH1vWkM6pXlG6sEx_qEwjhBVfI/view?usp=drivesdk', 'https://drive.google.com/file/d/1pY_wvMq0iYxDwIXZ-VUlQC-fgvLwSwwm/view?usp=drivesdk', 'https://drive.google.com/file/d/1kXefbOQYRyQhFYbYioNxHUrCBA2wxrzp/view?usp=drivesdk', 'https://drive.google.com/file/d/1bULV8BiLjF09mp04GyAvqRdfXJyZ2qG7/view?usp=drivesdk', 'https://drive.google.com/file/d/13BYGqy548z5eHcBTt-CxaN9iWSFDmzNW/view?usp=drivesdk', 'https://drive.google.com/file/d/1y_t_MBnefCpjjYClbWxHWOT36DkxBFlP/view?usp=drivesdk', 'https://drive.google.com/file/d/13dfTyIAYh6V4at-Sy4jSU35Q0Zpi8tkN/view?usp=drivesdk', 'https://drive.google.com/file/d/1q4kKKvi_ZC52uyJ3GrhH2IxkAXOLRxHg/view?usp=drivesdk', 'https://drive.google.com/file/d/1K6ptSN_ELEnX7TOlqohHteFseM7Xi36o/view?usp=drivesdk', 'https://drive.google.com/file/d/1XoQKPl_S_Pdjq1E-wv6JCPhD1Fi0z50X/view?usp=drivesdk', 'https://drive.google.com/file/d/1LjSGM9kBR-7WJHZVg9wkTbqtIpJQ6eyT/view?usp=drivesdk', 'https://drive.google.com/file/d/1yZxjkuty15tOt2G5h2GmH1u497Ey5kyr/view?usp=drivesdk', 'https://drive.google.com/file/d/1MuuLs3Yaex5myg-ah_yALq2pChQBNIe3/view?usp=drivesdk', 'https://drive.google.com/file/d/1jQSG8hPVOaYEqwnvk0qGAjHQp3ifEi1I/view?usp=drivesdk', 'https://drive.google.com/file/d/1Awsv3jYz-A-Buj_Njv9Geu1s6RzdcgMC/view?usp=drivesdk', 'https://drive.google.com/file/d/1Gns8nPqlRFerFbunrRMIp4Hwy_Rl-vhU/view?usp=drivesdk']","Israelis setting traps for Palestinians in the form of cans that are actually bombs, but it’s not all that it seems","Israeli airstrikes dropped cans in Gaza containing explosives as a ""trap for the starving Palestinians"", reported Quds News Network. According to local media, cans were scattered over Al Mawasij, a camp in southern Gaza. This location has previously been referred to by Israelis as a ""humanitarian zone"".

Allegedly, two children were killed, one man and one woman were shot after opening the false cans.

Israeli efforts through frightening narratives aim to prove to the world the monstrosity of Hamas. Some of these things are fabrications.

It has not been reported when it happened, but a few days ago, an Israeli sniper killed Halu Khreis, a Palestinian who was holding his five-year-old grandson who was waving a white flag as he walked down a road leading to evacuation which had previously been announced safe.

Khreis was the head of a group of Palestinians whom Israeli forces ordered to leave their homes. The video was shared here: [LINK not provided].

And in Gaza, it is such that due to the massive bombing and collapse",23-09-2023,Slobodna Dalmacija,['SD'],"['Palestine', 'Gaza', 'Israel', 'War', 'Tragedy']","['Israeli military faces backlash for tactics in Gaza', 'Palestinians in humanitarian crisis due to ongoing conflict']",Negative,Descriptive,"The article highlights the tragic consequences of Israeli military tactics in Gaza, framing them as a humanitarian crisis and criticizing the use of deceptive traps that lead to civilian casualties."
562,"['https://drive.google.com/file/d/1iAvQkDim9xUqNrJdOzWFBaJeMk37iOcm/view?usp=drivesdk', 'https://drive.google.com/file/d/1n_jwQg49bx9MuP9LLC3NbYKk1pKtTYPR/view?usp=drivesdk', 'https://drive.google.com/file/d/1GIs28PSt3Aktu0JR9fgLQpFHOXFaAmmy/view?usp=drivesdk', 'https://drive.google.com/file/d/1G2Jmtndd23SioNWhQL2jWkqgZlkKb4Fi/view?usp=drivesdk', 'https://drive.google.com/file/d/1wJpYvCbXJuEJqwRCmvKr3Jt65xOA1pbw/view?usp=drivesdk', 'https://drive.google.com/file/d/1rEsbJoJnEgLdByasg-fpZQorKEBE6171/view?usp=drivesdk', 'https://drive.google.com/file/d/1ElZ0yvFuN8t8jramraNAZG9ZU5-h8ojs/view?usp=drivesdk', 'https://drive.google.com/file/d/1abc42LtPLjunkHNQIuYgvd8_uWRzkOm8/view?usp=drivesdk']",Huti projektom pogodili američki brod nakon što su zaprijetili ‘snažnim i učinkovitom odgovorom’,"High-ranking Houthi officials have stated that they will take action against American ships in a strong and effective manner. Tensions in the region have been escalating, particularly concerning Israel, as the Houthis warn of potential attacks.",15-01-2024,7Dnevno,['M.K.'],"['Houthi', 'American ship', 'Aden', 'military action']","['Details on the maritime threats in the region', 'The political implications of the Houthi threats']",Negative,Aggressive,"The article conveys a narrative of escalating military tensions in the Middle East, emphasizing the Houthis' readiness to engage militarily against perceived threats."
547,"['https://drive.google.com/file/d/1YB0h_9E-0S5r71O_J0O_OwYrs4zID6BR/view?usp=drivesdk', 'https://drive.google.com/file/d/1fErObjuEihP2BCnHhKpHLBbU_JPcqDeC/view?usp=drivesdk', 'https://drive.google.com/file/d/1Jvb_lMZF3Gn_-Bd6mJQE7_W5U4euud6r/view?usp=drivesdk', 'https://drive.google.com/file/d/1BCJWmpI0Tk4uj3ETI2fFXon2L1CKdYkX/view?usp=drivesdk', 'https://drive.google.com/file/d/1OwjuwwQkoD3PXo9-5h5hj0Bc9TBRbHQZ/view?usp=drivesdk', 'https://drive.google.com/file/d/1Ej5zv_3PPnBbfFyNh1pmWDF7nyLfmaAM/view?usp=drivesdk', 'https://drive.google.com/file/d/1_jcmK-_RBRMESl13xMduayCLIltVMaMi/view?usp=drivesdk', 'https://drive.google.com/file/d/1-xr7CPquLwpkmHxyHbXjrNcI2IuAA_Up/view?usp=drivesdk']",It is not true that Ukrainian forces have perished,"Additionally, it cannot be asserted that they find the bodies of soldiers, as their disappearance may genuinely have been reported to the authorities as well as to families.",30-01-2024,Informer,['autor: informer.rs'],"['Ukrainian forces', 'disappearances', 'military', 'bodies', 'authorities']",[],Negative,Critical,"The article attempts to dispel claims about the fatalities among Ukrainian soldiers, suggesting that the official narratives regarding disappearances and reported deaths do not align."
589,"['https://drive.google.com/file/d/1uoRq6X9q5yKA7euraYvDP2PfkulKgFmS/view?usp=drivesdk', 'https://drive.google.com/file/d/1FLBbFP3pMiUlFzAKBzhO6GdNP66-4AiT/view?usp=drivesdk', 'https://drive.google.com/file/d/1CKLLaLwQbDiitzImNeuEOt3XDA7jzV-D/view?usp=drivesdk', 'https://drive.google.com/file/d/1PULq4KGhB7VujDDRiUi4GosV_ueXOKEd/view?usp=drivesdk', 'https://drive.google.com/file/d/1EuZw2dSqJ78PMQbHNT7v74IxWcTQ_y0N/view?usp=drivesdk', 'https://drive.google.com/file/d/1pYbEQzfqSYJ6XES4d607x4THQpkWJvBM/view?usp=drivesdk']",Mislav Kolakušić: I am by far the most popular Croatian politician in the EP in history,"The representative of the EU parliament, Mislav Kolakušić, visited N1 studio with Igor Bobić in Strasbourg, where he commented on the recent parliamentary elections and the upcoming European ones.",24-03-2024,N1 Hrvatska,['N1 Hrvatska'],"['Mislav Kolakušić', 'N1']",[],Positive,Encouraging,The article promotes Mislav Kolakušić as a leading figure in Croatian politics while discussing the significance of the upcoming European parliamentary elections.
713,"['https://drive.google.com/file/d/1Qs9BTUWOIdTgwgXfIxZVJ5d4NIzP7GXY/view?usp=drivesdk', 'https://drive.google.com/file/d/1JrHz2F8239t8Fc7FwjqtpTtZS8DZ_te6/view?usp=drivesdk', 'https://drive.google.com/file/d/1w1T1S4-y3HzMGHqrmfRXQER3xDiV9ENd/view?usp=drivesdk', 'https://drive.google.com/file/d/1OD5vqjnynXJkWQIqENtJky0afGgA4wT1/view?usp=drivesdk', 'https://drive.google.com/file/d/1AY3xmabMLqNqeStR58yNE4ezS0JO7_8X/view?usp=drivesdk', 'https://drive.google.com/file/d/1vew-3hujTh81Ec35RRA_jGQUv1A9iNmm/view?usp=drivesdk', 'https://drive.google.com/file/d/1zIAbGaU34RoZ98kxVc5oKy0_6wdLF8wO/view?usp=drivesdk', 'https://drive.google.com/file/d/1U80rgF6Va-nyXzaQha_tZrl7vusUVRMx/view?usp=drivesdk', 'https://drive.google.com/file/d/1Tm4AWv0aS2LDJr0WA63VqRT4TKkjQ1Bu/view?usp=drivesdk', 'https://drive.google.com/file/d/18KqpuCjwGD-nt-vxZsxbo_bW7NQL0umj/view?usp=drivesdk', 'https://drive.google.com/file/d/1RbaFdS6o566x1BT15Gw2dAQGEJQt-4bZ/view?usp=drivesdk', 'https://drive.google.com/file/d/1AYLdZmcjnnBp1UW6BFU_NOpPvRx7ESdp/view?usp=drivesdk', 'https://drive.google.com/file/d/1wGyDqFGx17U8R6W12iuNY-PWPtwI83vA/view?usp=drivesdk', 'https://drive.google.com/file/d/1k5eEEiUxcMLfYiOfNclyrQr7JSQ_12BN/view?usp=drivesdk']",France sends troops to Ukraine: Russian report,"Will the deployment of a Foreign Legion unit commanded by French officers trigger a wider European war? 

Editors’ Note, May 6, 2024: A link originally indicating a source for this report has gone dead. A new link to the same source, a Sputnik page, is given below. The author in an addendum posted on his Substack blog May 6 has discussed the sourcing. The first two paragraphs immediately below accordingly represent a rewrite to update the May 4 article, the thrust of which France has officially denied, and there are additional edits farther down in the text.

(Further update, May 7, 2024: Russia's Pravda has published a detailed article setting forth what Russian military bloggers who specialize in military matters have reported. The article, in English, is available here.) 

France today is considering sending a company of its Foreign Legion troops to Ukraine, following an earlier decision that involved sending advisors. While France has previously deployed elements of its Foreign Legion to various international conflicts, this signals a more formal intervention. The exact role and number of troops are still being determined, but reports indicate that up to 1,500 personnel may be involved.

There are ongoing discussions in the French government about this deployment and its implications for long-standing policy towards NATO and Russia. One of the questions that arises is whether such a move crosses a red line, intensifying the conflict with Russia. The deployment aims to bolster Ukraine's efforts but also raises the stakes for France, being seen as a shift in their military strategy, as well as creating tensions with Moscow.

Analysts indicate that if implemented, this deployment could significantly change the dynamics in the ongoing war. It will also be scrutinized heavily by NATO allies and could affect European security policies moving forward. France’s decision comes amidst broader strategic challenges that exist within Europe. The ramifications of such a military move could not only impact France but also influence NATO’s collective stance in support of Ukraine. Historically, the involvement of the Foreign Legion has given French leaders the ability to deploy troops in politically sensitive environments without presenting the full effect of French military power. However, deploying troops of the Legion, who are primarily foreign nationals, introduces new complexities into France's military strategy.",04-05-2024,Asia Times,['Stephen Bryen'],"['France', 'Ukraine', 'Foreign Legion', 'NATO', 'Russia', 'Military Deployment']","['Why Indians still embrace the war', 'China to retaliate if Europe raises EV tariffs']",Neutral,Informative,"The article discusses France's consideration of deploying troops to Ukraine, highlighting both potential strategic shifts in military involvement and the geopolitical implications of such a decision."
567,"['https://drive.google.com/file/d/1JaHq0vLvuUIQvNeVZrFivF4oyiIlTR7m/view?usp=drivesdk', 'https://drive.google.com/file/d/11LhVojAaDWW-j-v6acBqPf5oxDoldypm/view?usp=drivesdk', 'https://drive.google.com/file/d/1-WatnUHTvrlnqGX6m64sQhVbec0PUrIl/view?usp=drivesdk', 'https://drive.google.com/file/d/1UNj0gtO0T3L2tUvbL0eiyQcxCr0Gk8j3/view?usp=drivesdk']","Borelj: At this moment, ""the appeasement of Russia and Ukraine would be a mistake""","He called for Kyiv to secure the resources necessary for regaining territory, including long-range missiles and other modern weapon systems. Borrell noted the need to boost defensive capabilities in Ukraine.

Parallel to these measures, it is necessary to resolve the European military-industrial complex, he writes. According to the head of European diplomacy, the industry is now far from the capabilities needed to solve the problems it faces.

Russia has repeatedly stressed that Western military aid to Ukraine does not change anything on the battlefield and only prolongs the conflict. Minister of Foreign Affairs Sergei Lavrov emphasized that every territory will contain the Armed Forces of Ukraine,” Borrell noted.

The secretariat for the press of the president Dmitry Peskov, mentioning Kyiv’s armaments from the West, did not contribute to the success of the Russian-Ukrainian negotiations and will have a negative effect.",30-01-2024,Informer,['Autor: informer.rs'],"['Borelj', 'Russia', 'Ukraine', 'EU', 'Military Assistance']",[],Negative,Descriptive,"The article emphasizes the mistakes of appeasing Russia in the ongoing conflict with Ukraine, advocating for increased defensive capabilities for Ukraine while criticizing the West's military support."
473,"['https://drive.google.com/file/d/1hl_89IJyzsE3980rJ5tUY5-yt_v67pr7/view?usp=drivesdk', 'https://drive.google.com/file/d/14ugvbOD09Hja0vr2WB7c1EvQEFVpUmM-/view?usp=drivesdk', 'https://drive.google.com/file/d/1oTsMWl_7tcCBW9xtv5F4gZCIk7kfergY/view?usp=drivesdk', 'https://drive.google.com/file/d/1xbisowX5vCq6N6gL0QoNA2a5Kyv948rf/view?usp=drivesdk', 'https://drive.google.com/file/d/1Ypz26b-1uAd0YUT-lC_OiGko54UIVJjh/view?usp=drivesdk', 'https://drive.google.com/file/d/17EwptZZwdpVvuw7Ui6WmFN6sxhtRjmhk/view?usp=drivesdk', 'https://drive.google.com/file/d/1r_CaASLGAZnJnQmAzfUWysxCuk_l1Qk0/view?usp=drivesdk', 'https://drive.google.com/file/d/1mKO_vH7QRYWnWNhxTiG9PvsTqV3d5QhN/view?usp=drivesdk']",Irish voters reject bid to rewrite constitution’s view of women and family,Bid to dump 1930s-era language fails as public dismisses proposed amendments as too weak and open to messy court fights.,27-10-2023,Politico,[],"['Ireland', 'Constitution', 'Women', 'Family', 'Voting', 'Politics']",[],Negative,Descriptive,"The article conveys a narrative of public resistance against attempts to modernize the constitution regarding women's and family rights, reflecting a deeper societal debate over traditional values and contemporary needs."
527,"['https://drive.google.com/file/d/1Aie2fvkmwitTymSAHxzTsunXtgHUXTmb/view?usp=drivesdk', 'https://drive.google.com/file/d/1QxVJoZthjrulG7a_rgRP4lIhUqtnwPmZ/view?usp=drivesdk', 'https://drive.google.com/file/d/1XZmvTykDgSmCv-pWbzCd43euwdcld3MJ/view?usp=drivesdk', 'https://drive.google.com/file/d/1Up5qefQwhVxv7wq2RjePZJdJFTmftl3b/view?usp=drivesdk']",CORRECTION: Viral photo of fifteen-year-old Macron and Brigitte is a photomontage,"We correct the initial inaccurate version of the text in which it was stated that a viral photograph circulating on social media featured fifteen-year-old Macron and Brigitte. The original photo actually shows Brigitte not next to Emmanuel Macron but to his long-time publisher. The viral photo is actually a montage from a documentary film 'Emmanuel Macron, la stratégie du météore' (Emmanuel Macron, meteoric strategy). Thus, we correct the claims we made in the initial version of the text.",04-03-2024,Žena,['Viktor Veljkovic'],"['emmanuel macron', 'brigitte macron']",[],Negative,Corrective,"The article aims to correct misinformation regarding a viral image purportedly showing a young Macron alongside Brigitte, emphasizing the importance of factual accuracy in social media reports."
157,"['https://drive.google.com/file/d/1UIHd80FqTCClPSzLdhxt0dY4Z1Z1iUnP/view?usp=drivesdk', 'https://drive.google.com/file/d/1FVlRP2XFA8G-49Kragv5keD_t4OjiJf9/view?usp=drivesdk']",Is it long COVID or long vax? Does the government want to know?,America's health agencies need to snap into action to help study this problem so we can better understand and treat these conditions.,01-10-2023,Disclose.tv,[],[],[],Neutral,Informative,"The article seeks to highlight the urgency for health agencies to address long COVID and vaccination-related issues, implying a call for better research and understanding."
139,"['https://drive.google.com/file/d/1eJJLsB5bTtf7bxhi3bRTD2cmbO98lSRn/view?usp=drivesdk', 'https://drive.google.com/file/d/15Ia02wbUMSABwa49OASxOkEMPafIUc7Q/view?usp=drivesdk', 'https://drive.google.com/file/d/1HezZN560enu5AKucU9-SnbNsh7mTF9CO/view?usp=drivesdk', 'https://drive.google.com/file/d/1487YUAXqelN_g7OFZ3HaVkXXhgbdbEGR/view?usp=drivesdk', 'https://drive.google.com/file/d/1JE35-UHV2kXNNQvABM-Kv91k__aSDiwm/view?usp=drivesdk']",When the grandmother of Oursou relied on Hitler as a former member of the Nazi party,"The last words of Adolf Hitler, a few moments before suicide, were recorded in a personal diary, which detailed perspectives of his circle, personal relationships, and contrary to popular belief, he exhibited the public's opinion. The memoirs of his pilot Hans Baur provide insights into the final moments of Adolf Hitler, in which he seemed to recognize the dreadful fate confronting him. The documents revealed that Baur reassured him regarding his 12 years of service before Hitler's final moments, coupled with his wife Eva Braun, whom he married merely hours before.",04-06-2024,PRONEWS,[],"['Hitler', 'Nazi party', 'memoirs', 'diaries', 'Final words']",[],Neutral,Historical reporting,"The article presents historical details about Adolf Hitler's final moments and personal relationships, providing an insight into his psyche before his demise."
523,"['https://drive.google.com/file/d/1t0eoMc0nLsjrROqfbwTxadR6GXd_oLjh/view?usp=drivesdk', 'https://drive.google.com/file/d/1mTzw-xBosncea6w5LRtXQnfWyMSmZRQY/view?usp=drivesdk', 'https://drive.google.com/file/d/1-lNPclxuyFlJVGb1iKgh_spoUn33iKOe/view?usp=drivesdk']","(VIDEO) Never forget – never forgive: ""Merciful angels"" killed children in Montenegro and Serbia – 25 years since the NATO aggression","Dear viewers, good evening. NATO aggressor forces first launched strikes against our country around 20:00 hours. The NATO airstrike attacked our country for the first time at Vlora, Kurshumli and others.  At 22:39 on March 24, 1999, the RTC picked up information from the Federal Republic of Yugoslavia regarding the first information on the notorious NATO aggression.

The day before, the Prime Minister of Serbia, Momir Bulatović, mistakenly declared a state of immediate danger; this has caused an immediate state of alarm, as it has been decreed that there is a danger of aggression against the Federal Republic of Yugoslavia. This decision went into effect immediately.",04-06-2024,IN4S,['Momir Bulatović'],"['NATO', 'Yugoslavia', 'aggression', 'children killed', 'Montenegro']","['Against Mediation three expulsion', 'Government adopted Strategy for combating corruption 2024-2028, this is what new strategic goals are']",Negative,Fear-mongering,"The article promotes a strong anti-NATO stance, emphasizing remembrance of past tragedies and processing the impact of NATO's actions in the region, particularly focusing on the suffering of children."
155,"['https://drive.google.com/file/d/1-qrcHV8oBKh21tvuEC3SYyLE3N5RYwp0/view?usp=drivesdk', 'https://drive.google.com/file/d/1lOrhLd-pC43HESu3rFx6KkqJHxx5l_75/view?usp=drivesdk', 'https://drive.google.com/file/d/1JszYYajP087eUhx0BB4ZaVmcISsg5-a4/view?usp=drivesdk', 'https://drive.google.com/file/d/1UOzbmKchG4LKqoKwSBtiwHQPHLmTBl60/view?usp=drivesdk', 'https://drive.google.com/file/d/1uclb0CMtlwRiQ3JEuAHqn4OxcEIk12bu/view?usp=drivesdk', 'https://drive.google.com/file/d/16CUK28hsU-i1ItIH6OBGV19_j9Nim9ZZ/view?usp=drivesdk']","It's ‘time to stop using terms like long COVID,’ health agency says: ‘Unnecessary fear’","Follow the science — right out the door — The term ""long COVID"" should be tossed aside like a stack of expired N95 masks — that’s according to health experts in one country, who found that the moniker can cause “unnecessary fear.” Government-backed medical researchers in Australia say it’s time to stop using the fear-inducing phrase, which became popular after high volumes of people testing positive for COVID-19 led to a surge in generally non-severe “virus fatigue symptoms” that would normally have gone unnoticed, South West News Service reported. Sixteen percent of respondents said they were experiencing symptoms in spring 2023, while 3.6 percent reported ""moderate-to-severe functional impairment"" in their daily lives. No evidence was found that adults who tested positive in 2022 were experiencing this increased level of impairment at a higher rate than those who tested negative, or those who simply had the flu. The study noted that rates of diagnosed ""long COVID"" were lower than in other countries, due to tight restrictions imposed by the Australian government during the pandemic. The finished document is due to be presented next month at 2024’s European Congress of Clinical Microbiology and Infectious Diseases in Barcelona. “In health systems with highly vaccinated populations, long COVID may have appeared to be a distinct and severe illness because of high volumes of COVID-19 cases during the pandemic,” Gerrard said.",14-03-2024,New York Post,['David Landsel'],"['long COVID', 'health agency', 'unnecessary fear', 'COVID-19', 'health experts', 'Australia']",[],Negative,Descriptive,"The article conveys a message against the usage of the term ""long COVID,"" implying it generates unnecessary fear among the public and emphasizes a shift in perspective towards viewing COVID-related symptoms."
535,"['https://drive.google.com/file/d/1_TN0jlIKinoHgcVF5okYhF8b_EuDP_w2/view?usp=drivesdk', 'https://drive.google.com/file/d/19k6xxeeZRshg-1Di7_j97kNZtJl4Rn3L/view?usp=drivesdk', 'https://drive.google.com/file/d/1H9zB9ZuYy3L3JbGl7G4nRtdQnUM0nlW8/view?usp=drivesdk', 'https://drive.google.com/file/d/1oXmI2GXkdurkbcyHPfy9vhRPkTzaqnBO/view?usp=drivesdk']",Biden did not end Easter,"Biden did not cancel Easter celebrations, as many speculated. He has committed to maintaining the traditional holiday. Controversies surrounding various policies continue to shape the political landscape as the elections approach, highlighting the divisions and debates that are pivotal in this year's electoral process.",03-10-2024,Informer,['Autor'],"['Biden', 'Easter', 'Elections 2024', 'Political controversy']","['Controversial Policies Ahead of Elections', ""Biden's Christmas Plans"", 'Holiday Traditions in Political Context']",Neutral,Informative,"The article aims to clarify misinformation regarding Biden’s stance on Easter and contextualizes it within the broader political narrative as the elections loom, reflecting ongoing debates about policy."
513,"['https://drive.google.com/file/d/1z2t5nucnydepvh2JctbY1wIk4WuWw7Gi/view?usp=drivesdk', 'https://drive.google.com/file/d/1uYFWu3Q-aHd3QMkwMQZ8YkVTxegsP1mx/view?usp=drivesdk', 'https://drive.google.com/file/d/1VTBmTlDN-CTVXbT2WCwOECCVhh8g-6lI/view?usp=drivesdk', 'https://drive.google.com/file/d/1NjYtyuxTc-mAz-2UEhmCVBYkJGXz3IDV/view?usp=drivesdk', 'https://drive.google.com/file/d/1f856-eQVTSlnbAWa1okokmSkuYYbeo3q/view?usp=drivesdk', 'https://drive.google.com/file/d/1TXEYME2-cuO36hlxYuDH0_gwb4aNrErn/view?usp=drivesdk', 'https://drive.google.com/file/d/1Z0mJPuQSTLw1sueZSNrLVPE4FnGLZLk3/view?usp=drivesdk', 'https://drive.google.com/file/d/1sAsDQzCYEge-gO9BqFdtwRCwe6W3CWja/view?usp=drivesdk', 'https://drive.google.com/file/d/1fM3qie_PJr7u6BKYGfxROaogCI6o1tLj/view?usp=drivesdk', 'https://drive.google.com/file/d/1SvHCSiS48wYQmedFaXHeX9l2DYU2DFN2/view?usp=drivesdk']",Migrants Feel the Effects of a New Illegal and Violent Way to Enter the EU: Full Vans and Gas Across the Border,"The border police of Bosnia and Herzegovina has been facing issues of illegal migrant crossings and smuggling for many years. However, since the beginning of this year, this problem has escalated, as Klix.ba has learned, particularly with violent attempts to cross the border using motor vehicles.

The Border Police of BiH confirmed to Klix.ba that since the beginning of 2024, more than 1,600 persons were caught or attempted to cross illegally.

Additionally, according to Klix.ba’s recent information, there have been serious incidents involving migrants trying to violently cross the borders from Bosnia and Herzegovina.",21-02-2024,klix.ba,['S. Š.'],"['migrants', 'EU', 'border police', 'Bosnia and Herzegovina', 'illegal crossings']",[],Negative,Alarmist,"The article highlights increasing tensions and risks involving illegal migration into the EU, particularly criticizing the violent methods employed by some migrants and the ongoing struggles of border authorities."
529,"['https://drive.google.com/file/d/1me02UGIXcitifZWxoPlPLmK0GrL7HYbB/view?usp=drivesdk', 'https://drive.google.com/file/d/1GcpP1kgTC0uNxKbPo4896w-6QBc_ni1y/view?usp=drivesdk', 'https://drive.google.com/file/d/1PnxRMy6qMztmUYvfiTbVWk46_s2079cb/view?usp=drivesdk', 'https://drive.google.com/file/d/1sfLHkMRyISHD6jhV5z4sjampuw47efYC/view?usp=drivesdk', 'https://drive.google.com/file/d/19SATsR9IsQrNMaNvdJzJJ2jQYcQj6bZk/view?usp=drivesdk', 'https://drive.google.com/file/d/17XfVyXQeR3rq2GCmBxB1VPxypzqdtF7M/view?usp=drivesdk', 'https://drive.google.com/file/d/18t30_7W7wD6A8LWZlFO15iUExYLcWgB6/view?usp=drivesdk', 'https://drive.google.com/file/d/19K3D5ifdaoOWmEt1ib7BjTRV8rPvCii8/view?usp=drivesdk', 'https://drive.google.com/file/d/1jtkgbCYBsxPwYUKkqVmjdj5AgQ91j52p/view?usp=drivesdk', 'https://drive.google.com/file/d/17rGog1bjXiFFZBCmfuu-bvi03CBf57IL/view?usp=drivesdk', 'https://drive.google.com/file/d/1oFElXznqxWqccjGgenF7byavE7Mh6JS1/view?usp=drivesdk', 'https://drive.google.com/file/d/1Hd79chkyQ8x6yy7M2crROBLToASteqRj/view?usp=drivesdk']",Stari Trampov govor nije dokazan.,"Analizom Raksrinkavanje.ba utvrđeno je da iako je Tramp to zaista rekao, ta izjava je bila metaforična, što je on kasnije naglasio objavom na mreži X. Takođe je utvrđeno da je netačno i da je poruka bila upućena Putinu nakon masakra u Moskvi jer nije obraćao glasaču u periodu između napada u Moskvi (22. marta) i objavljivanja članka. Sporni navodi su uklonjeni iz teksta. Izvinjavamo se čitaocima zbog prenošenja netačnih informacija.",25-03-2024,Informer,['Informer/Mediji'],"['Tramp', 'Putin', 'Moskva', 'laži']","['(VIDEO) Svet mu se smeje! Šta je ovo uradio terorista iz Moskve?!', 'Histerija na Zapadu! Sudbina sveta zavisi od ove Putinove odluke! Totalna eskalacija može početi svakog časa!']",Negative,Cautious,"The article attempts to clarify misleading statements attributed to Trump regarding Putin and events surrounding the Moscow attacks, emphasizing a more nuanced interpretation of Trump's words."
514,"['https://drive.google.com/file/d/1-YoYRZJNt3kCuKl-3TGajBT1zzvYz-ZC/view?usp=drivesdk', 'https://drive.google.com/file/d/1qwhhxirNkX3CM2e02F_v-bJW799zwuY-/view?usp=drivesdk', 'https://drive.google.com/file/d/1bVXFuLt3r81r-vopraGsauE8EX5xz0P0/view?usp=drivesdk', 'https://drive.google.com/file/d/1HhdRfTrm8q8pcQGG5Bxz8KBhSt42_oJR/view?usp=drivesdk', 'https://drive.google.com/file/d/1ZmiHCshK7SMy4LtMChoVFRXkbwwdYxiI/view?usp=drivesdk', 'https://drive.google.com/file/d/1N1Xqo1iltCwTIPsPw22ZNqstV4hemHnh/view?usp=drivesdk', 'https://drive.google.com/file/d/1wNWuzmSPF7dXPUuwGIQaDTCu5m-bFFI6/view?usp=drivesdk', 'https://drive.google.com/file/d/1jsdql3lhB97JQbXHUSXORpLximEgHyBF/view?usp=drivesdk', 'https://drive.google.com/file/d/19KRJneVLknYT2pEs_rEzXAHiQSoeqnSC/view?usp=drivesdk', 'https://drive.google.com/file/d/1buP192hmv7JltXcSH88EjjGEaBLG7nfH/view?usp=drivesdk']",Will Iran attack Israel? Tehran sends a warning to Washington,"American officials added that Iran cannot attack U.S. forces unless they participate with Israel in a counterattack, according to assessments from U.S. intelligence services.

The Axios portal reported that Iranian officials are warning Arab governments that they will target U.S. bases in the region if Washington intervenes after any Iranian attack on Israel, as a response to the attack on the Iranian consulate in Damascus two weeks ago.",22-04-2024,Fokus,['Fena'],"['Iran', 'Israel', 'U.S. forces', 'Washington', 'military']","['Recent tensions in the Middle East', 'Impact of Iranian policies on regional security']",Negative,Serious,"The article conveys a tense narrative regarding Iran's military posture towards Israel and U.S. involvement in the region, highlighting the potential for escalation and regional instability."
25,"['https://drive.google.com/file/d/15thuk31OHPkB7Mgty3aFr9TUR0XRSV6F/view?usp=drivesdk', 'https://drive.google.com/file/d/1trPXhdDvXHsnw7_FXTDIF0SudRdLzzfb/view?usp=drivesdk', 'https://drive.google.com/file/d/1UQxStKCaSqkPBzhMEF8o8g-TcxYLaLMm/view?usp=drivesdk', 'https://drive.google.com/file/d/19WnBkK3aU8Hdlveh9ZlRqoSdFAgQbgo0/view?usp=drivesdk', 'https://drive.google.com/file/d/1xeAxAx8nt4hYLIPcX1uYPePpcBgjKUSC/view?usp=drivesdk', 'https://drive.google.com/file/d/1LnpdBTTLojWhXXUAjUVS0-eX7MlKUuQW/view?usp=drivesdk', 'https://drive.google.com/file/d/15IT2p2UsKEyr3_n-MFsxnMm4gNb8k9JN/view?usp=drivesdk', 'https://drive.google.com/file/d/1Wx3mrMrpbM7FXY7sxgu_j-kJuzvt4Rua/view?usp=drivesdk', 'https://drive.google.com/file/d/1B3rm_sBsxsNdhDAYvqOlkFbWW-Bg9mVO/view?usp=drivesdk', 'https://drive.google.com/file/d/1nf5TgmQxRtBDCMFtMr_zxqr-VxSE4zo-/view?usp=drivesdk']",[ŽT] Syrian son congratulates Russians on victory. And that's not all (Video),"Oleksandro Syrskio son Ivan Syrskis arrived in Russia consulate in Sydney.

Ukrainian Armed Forces commander Oleksandr Syrskyi's son Ivan Syrskis congratulated Russians on victory, showing his desire to become a Russian citizen. Now he lives in Australia, where he fled after his parents' divorce. 

""Glory to Russia!"" - said Ivan Syrskis

According to Russian media reports, the son of the new commander of the Armed Forces of Syria, Alexander Syrskyi turned to the Russian Armed Forces to express his congratulations on the occasion of the capture of Avdiivka. 

It is also reported that Ivan Syrskyi visited the Russian consulate in Sydney, where he spoke about plans to obtain Russian citizenship. He currently lives in Australia with his mother and brother. They moved there after their parents divorced.",21-02-2024,technologijos.lt,['MTPC'],"['Ivan Syrskis', 'Russian citizenship', 'Ukraine War', 'Aleksandr Syrskyi']","['How Russian military influences politics in Ukraine', 'Impact of war on Russian families abroad']",Negative,Demeaning,"The article conveys a negative narrative regarding the implications of Ukrainian families embracing Russian identity amidst ongoing conflict, suggesting a complex relationship between nationality and personal identity."
464,"['https://drive.google.com/file/d/12qqOH1NBSApqW5ehI_EUJ50yaMG0fgiR/view?usp=drivesdk', 'https://drive.google.com/file/d/1NOiqJsOBCTN62gbkQ9V7ALeioM9EIhYx/view?usp=drivesdk', 'https://drive.google.com/file/d/197cwJ2rAd-eQnG5uZi4GyROdZwlg0T6h/view?usp=drivesdk', 'https://drive.google.com/file/d/1V8rrttbpUPmbz9t06_r7js9FSa08EM_q/view?usp=drivesdk', 'https://drive.google.com/file/d/1tLcikzjOYAWt9-wpiolRc1Nkv4a-P0xW/view?usp=drivesdk', 'https://drive.google.com/file/d/1whemchAbPj50HlNNBMphWD4rgI965akO/view?usp=drivesdk']",The Government reveals that 30% of those who died from COVID were vaccinated,7.5 million people with at least one dose of the injection were infected with coronavirus in Spain.,20-04-2024,The Objective,"['Lidia Ramírez', 'Fran Serrato']","['COVID-19', 'Vaccination', 'Spain', 'Public Health']",[],Negative,Concerned,"The article conveys a message of concern regarding the COVID vaccination rates and the effectiveness of vaccines in preventing infections, aiming to spark a debate about public health policy."
231,"['https://drive.google.com/file/d/1zK_kecXV5dw4jkHabzhAe-Z-FJnLT5KG/view?usp=drivesdk', 'https://drive.google.com/file/d/1I4ZJVOO4bHriBNWlzVi6FUEfiG-m_7qV/view?usp=drivesdk', 'https://drive.google.com/file/d/1KPhC1UfwSKY0iAHfmgU-V_y3_4JkBukW/view?usp=drivesdk', 'https://drive.google.com/file/d/1cunXlCEvGvng8XFJiNZswbu3iI4bjJRZ/view?usp=drivesdk']",More than a choice - Here is Ukraine's new recruitment method,"In Ukraine, men are trying to dodge military conscription as creativity takes hold. Similar to elections, now those who actively appear in recruitment points are offered all kinds of opportunities to get a good military position. The election's essence is to solve the problem of those in Kharkiv region who want to evade conscription. According to local residents, if husbands avoid the law enforcement’s gaze, they reported them, making them serve in more direct military positions. 

If we think that what happened on Twitter transcended into reality, unfortunately, we have to clarify that, as the Kharkiv series of conscription unveiled the souls of those released from their husbands.",02-04-2024,Pesti Srácok,['Kertész Dávid'],"['Ukraine', 'Recruitment', 'Military Conscription', 'Kharkiv', 'Creativity in Recruitment']",[],Negative,Descriptive,"The article conveys a negative narrative regarding the high-stress environment of military conscription in Ukraine, highlighting the desperate measures people are resorting to in order to avoid mandatory service."
470,"['https://drive.google.com/file/d/1rMXzk-FuoHbS6fGsELwZVPEnnevl_j4Y/view?usp=drivesdk', 'https://drive.google.com/file/d/12J2GnpDOkM0XzsgZPdfhYcAU-24zw2bP/view?usp=drivesdk', 'https://drive.google.com/file/d/1kq5c9yADPFjrPiDc9E6Vf-ImSFcqGTjQ/view?usp=drivesdk', 'https://drive.google.com/file/d/1sTWtFRj_6hPhNJM836XyMeGxcfTLc6N2/view?usp=drivesdk', 'https://drive.google.com/file/d/1zmTqMtcHorRTVAXe8lLBFmlBqw3uxfPH/view?usp=drivesdk', 'https://drive.google.com/file/d/1_0BaHaQTYJyY4BAELC_gRmHG0gHU-p7w/view?usp=drivesdk']","Alejandro Fernández: ""Exigirem a Illa fets i no paraules del trencament amb els independentistes""","The candidate of the PP, Alejandro Fernández, has conditioned his support for the eventual investiture of Salvador Illa to the support of the socialist party in regards to the break with the independentist formations. In an interview with Aquí Catalunya, he stated that ""it is not easy"" to give support to a candidate that ""the first thing that we would require from Illa is proof, and not words, of the break with the independentist parties here and in Madrid."" In fact, Fernández rebuts claims about a city council investiture of Jaume Collboni, because he says the mayor's office ""has incompletely executed the word"" by having entrusted himself to new separatist governances, in reference to the agreements reached by Esquerra Republicana to approve the budgets. ""If we give them the votes to the PSC and then continue governing with ERC or JxCat, it won't serve us at all,"" he has stated regarding the candidate of popular candidates.",18-04-2024,SER Catalunya,"['Redacció', 'SER Catalunya']","['Alejandro Fernández', 'PP', 'Salvador Illa', 'independentistas', 'Barcelona']","[""Tendir cap al principi d'ordinalitat en el finançament"", 'Façem tot el necessari per millorar el sistema de finançament de Catalunya']",Neutral,Descriptive,"The article outlines Alejandro Fernández's conditions for supporting Salvador Illa's investiture, highlighting a cautious stance against alignment with independentist parties."
451,"['https://drive.google.com/file/d/1kx3d5OKVVWrcP8UajJioRRCm_QT2jKbD/view?usp=drivesdk', 'https://drive.google.com/file/d/115K8vsyZdCvZqzpB4FJQHusNSUUPyiwM/view?usp=drivesdk', 'https://drive.google.com/file/d/1S4AJDgBuv5qBSPXKu5vPwbwAXfg1ntXY/view?usp=drivesdk', 'https://drive.google.com/file/d/1XTHefTOdCurpTj69CtB-qeNWP8_RyHbK/view?usp=drivesdk', 'https://drive.google.com/file/d/14old8SSFWG6CEX4ilhLvhI3CZym1FZsl/view?usp=drivesdk', 'https://drive.google.com/file/d/1Dfehufa9BcDWS3fqk4YLVnVqwLLPv6D0/view?usp=drivesdk']","Vaidas Žemaitis. Baltimorės tiltas, VRK ir Eduardas Vaitkus (video)","The bridge named in honor of Francis Scott Key was established at the beginning of the morning in Baltimore. Did Russia join before this decision?The Central Electoral Commission (VRK) ruled that candidates for the presidential election should not hide their candidacy for the program of Eduardas Vaitkus. Previously on Wednesday, a VRK member voted, two were against, and two abstained, leading to a conclusion that this political program does not meet the requirements set by the VRK. Why was there pressure on the Vaitkus program?",01-10-2023,bukimevieningi.lt,[],[],[],Negative,Critical,"The article conveys a critical perspective on political actions related to the Baltimore bridge naming and the electoral candidacy of Eduardas Vaitkus, suggesting political pressure and possible misalignment with electoral requirements."
88,"['https://drive.google.com/file/d/1yVV932SRYqFUOn8wTKyOq4yIx9nR-puH/view?usp=drivesdk', 'https://drive.google.com/file/d/1oWBepjkgeJHx7-r8xeFKq-os_OuKl2FY/view?usp=drivesdk', 'https://drive.google.com/file/d/1J6f4V5tz8UkXq8ycH8emNIBRnn5OImkg/view?usp=drivesdk']","Summit for Ukraine in Tirana, Zelensky gives first message from Albania","In a recent summit held in Tirana, President Zelensky delivered a pivotal message regarding Ukraine’s ongoing struggles. He highlighted the importance of international unity and support in facing the current crisis.",28-02-2024,Pamfleti,['Pamfleti'],"['Ukraine', 'Zelensky', 'Tirana', 'International Summit', 'Support']","[""Ukraine's fight for sovereignty"", 'The implications of the Tirana Summit on European Politics']",Positive,Encouraging,"The article emphasizes the necessity for continued global solidarity with Ukraine, reflecting a pro-EU stance and advocating for collaborative support."
99,"['https://drive.google.com/file/d/1UioE6aD_aax06h6kdSX5GHOqJ_vddUkz/view?usp=drivesdk', 'https://drive.google.com/file/d/1yyAkKdROgP6RqbjoXE_Odf8bbfmMqKzJ/view?usp=drivesdk', 'https://drive.google.com/file/d/1qFInlKCFM83GX8CKRrpWFK-1drcuriWj/view?usp=drivesdk', 'https://drive.google.com/file/d/1YuX0hGIiPIU-514BSXjHR5uOunsUSliM/view?usp=drivesdk']",The US's secret 'Turkey map' opens the way for earthquakes in Greece: a painful situation,"A secret report leaked from the US Congress has revealed a map concerning Turkey, particularly in the Aegean and Mediterranean regions. This map allegedly opens the way for earthquakes in Greece.",04-03-2024,Milliyet,[],"['Greece', 'Turkey', 'US map']",[],Negative,Concerned,"The article conveys a negative perspective about geopolitical tensions related to Turkey and Greece, suggesting implications on natural disasters linked to a US congressional report."
8,"['https://drive.google.com/file/d/1QN3sPlJN9cKht-2pe3psunysKBox5FWl/view?usp=drivesdk', 'https://drive.google.com/file/d/1Vpu0pWexoTsxOG7Ggto4IciRV0nlGodP/view?usp=drivesdk', 'https://drive.google.com/file/d/1d4_DkuNYxOtBmr1JVlAvWjESaWFDDz_a/view?usp=drivesdk', 'https://drive.google.com/file/d/1tpW2EdETtwO_WZ2XcCUaWjWkk5XRONxt/view?usp=drivesdk', 'https://drive.google.com/file/d/1g3RzxaM5oOoLNwNF-_JsBgl9d2osBPXu/view?usp=drivesdk', 'https://drive.google.com/file/d/1uhbSIRPVZKiX_LJ4Y9DuW17uBmBPyKAK/view?usp=drivesdk', 'https://drive.google.com/file/d/1W4_dwBoSFAnoI_tMUlL1BhhpGui7KNxX/view?usp=drivesdk', 'https://drive.google.com/file/d/1aReN_aLxaMEdE3IhB4Og0HtvTU65O-sR/view?usp=drivesdk']",Sánchez dio a Marruecos 400 coches policiales y 90 cámaras mientras escatima medios a la Guardia Civil,"In that delivery, the government donated 400 vehicles of material valued at 26 million euros to the Moroccan police. Jucil has been warning for years that the vehicles and the material of the Civil Guard are old and obsolete. The question is especially serious, particularly the state of vehicles, especially in the Civil Guard, which is in charge of fighting drug trafficking in southern Spain.",04-06-2024,ok diario,[],"['Sánchez', 'Morocco', 'police', 'Guardia Civil', 'vehicles']",[],Negative,Critical,"The article conveys a critical stance regarding the Spanish government's decision to provide significant resources to Morocco while neglecting the needs of the Guardia Civil, highlighting issues of transparency and prioritization of resources."
214,"['https://drive.google.com/file/d/1QxqPuww0VX5XGxExZNV8l9IHUI4Sg0so/view?usp=drivesdk', 'https://drive.google.com/file/d/150etawaVfIDJzPVu1UgNwZsEQWE_tB7-/view?usp=drivesdk', 'https://drive.google.com/file/d/1OEzBtj0Fl6D5tBOdomAmntf_Ahji_vrC/view?usp=drivesdk', 'https://drive.google.com/file/d/15JYkLCLOfE20BnINT-QvF-4D2jOebDYg/view?usp=drivesdk', 'https://drive.google.com/file/d/1lUOU9294t_Q5Y6tpFFJiP0UUGXJITV7h/view?usp=drivesdk', 'https://drive.google.com/file/d/1N409lmFvxwlpHSPGWfB_N0GAZOpJmnSA/view?usp=drivesdk', 'https://drive.google.com/file/d/1nMkpyETF1f4fU7u31nABcQyQF7lsnJUN/view?usp=drivesdk']",Shot down in Russian bombing were the first French soldiers sent by E. Macron to Odessa,"Their lives were lost in the Russian bombing, with the first French soldiers sent by Emmanuel Macron to Odessa.

Specifically, ""in the area near the Romania-Ukraine border, increased NATO air activity is reported. This is due to the launch of roads that have been bombed and wounded during the recent attacks in southern Ukraine.""",16-03-2024,PRONEWS,"['A. Gostishchev', 'S. Tetyukhin', 'D. Abramchenko']","['Russia', 'Bombing', 'France', 'NATO', 'Odessa', 'Ukraine']","['Latest news in the region', 'Military actions in Ukraine']",Negative,Urgent,"The article discusses the recent loss of French soldiers in Ukraine amid escalating military activities in NATO, emphasizing the risks involved and international political implications."
130,"['https://drive.google.com/file/d/1L0Rj9G7Cp38CDwDCA9zRZC0Kjz8496XW/view?usp=drivesdk', 'https://drive.google.com/file/d/1mPRlHe3Q4OFexGPwKaw-Q4PCqdaTm3AQ/view?usp=drivesdk', 'https://drive.google.com/file/d/1vYRcTxRyfQ1fIoE_69NSuGJkkAURBaxA/view?usp=drivesdk', 'https://drive.google.com/file/d/1uUHLtTH-GMNwh5cKnHhGhJI79VG54wB-/view?usp=drivesdk', 'https://drive.google.com/file/d/11oNschhTI-G0ZMQnsLpz6Qg4yuIbPwnh/view?usp=drivesdk', 'https://drive.google.com/file/d/1iM012uS__E4ovNapXe3tZ6aATdf0G7ig/view?usp=drivesdk', 'https://drive.google.com/file/d/14tknxhhLJmVxITK5Ft5DkPWjHZu7nZvi/view?usp=drivesdk']",Thousands of illegal Muslims occupied Greek squares to pray,"The ND said they would allow the construction of temples to pray as they occupy illegal worship places. Finally, they built a large temple, and the illegals did not occupy the squares to pray.",09-03-2024,PRONEWS,"['Άγια Γιβα', 'της Εισαγωγής']","['illegal immigrants', 'Greece', 'prayer']","['The impact of illegal immigration in Greece', ""Society's response to illegal Muslim gatherings in public spaces""]",Negative,Critical,"The article conveys a critical stance toward the presence of illegal immigrants and their gatherings in public spaces for prayer, suggesting a broader societal issue regarding immigration policies in Greece."
G14,"['https://drive.google.com/file/d/1W0nxMbw4LGmpA7zM83yV7CEvikJQx4Ud/view?usp=drivesdk', 'https://drive.google.com/file/d/1pe6LsTocQ0r27NOF6UgGcj4-eOovuBwp/view?usp=drivesdk', 'https://drive.google.com/file/d/15gtf9bpsHNdLbZ-eF78E4qRsrncmJMwK/view?usp=drivesdk', 'https://drive.google.com/file/d/1wc2R_5VqvLBYSaQQk15qKFyji-zGxYdG/view?usp=drivesdk', 'https://drive.google.com/file/d/18VFauFPcBZDlB4G50FpU3SUF1eELSfRp/view?usp=drivesdk', 'https://drive.google.com/file/d/10z45LYGLvIi4CBVeM1LqBzi6DBO7meLh/view?usp=drivesdk', 'https://drive.google.com/file/d/11gaWWGi5WMnGlJpFp3-ssolNe9xARiQQ/view?usp=drivesdk', 'https://drive.google.com/file/d/1NEfEbFbKFubrzfGHlU3BAo3OmyJFRUFD/view?usp=drivesdk', 'https://drive.google.com/file/d/1ox484_lj1J3l6BcMGSnrYcJkEdGo3Gjo/view?usp=drivesdk', 'https://drive.google.com/file/d/1jjWc_ssxD0pLC48IkGsWEthxhD3V45Nn/view?usp=drivesdk']",No caliphate in Germany – Islamists deported!,,04-06-2024,DIE FREIE WELT,[],[],[],Negative,Fear-mongering,"The article seems to convey an anti-Islam sentiment, promoting the idea of deporting Islamists from Germany and criticizing government policies."
G16,"['https://drive.google.com/file/d/1UnQwj1mr65X581FlheAlClt1WV7rPEdr/view?usp=drivesdk', 'https://drive.google.com/file/d/1mm4ZEAkj9TcMvz5lZ_K0VlwoiBtUsUaT/view?usp=drivesdk', 'https://drive.google.com/file/d/1g6s8BEh7U_LpQ53bg8n3UnYkC5V5Vczs/view?usp=drivesdk', 'https://drive.google.com/file/d/1CTznLZqBWLREjeCeMWb8IQuo7L-msMMb/view?usp=drivesdk', 'https://drive.google.com/file/d/1AXf_0DX97XQPW4lwhLJ3JfTs3A42XGqe/view?usp=drivesdk', 'https://drive.google.com/file/d/1sZuErn8Wd3nJv9DOvcG922kytMqDmwZg/view?usp=drivesdk', 'https://drive.google.com/file/d/1K2KAHUu4BmWXbCV7Z2tlhS1h4esGeCmp/view?usp=drivesdk', 'https://drive.google.com/file/d/1Zw8NM_dqYzaOhJJ0GT0ua8Q29sPD5Vu3/view?usp=drivesdk', 'https://drive.google.com/file/d/1JdYSTp_CN4SIKDBdoB4ciE3254i6IHlQ/view?usp=drivesdk']",Kampf gegen Geldwäsche und Terror-Finanzierung: EU führt Bargeldobergrenze ein,In der EU gilt künftig eine Bargeldobergrenze von 10.000 Euro. Die Mitgliedsstaaten beschlossen am Donnerstag diese Grenze sowie weitere Regeln gegen Geldwäsche und Terrorismusfinanzierung.,05-10-2023,eXXpress,[],"['EU', 'Geldwäsche', 'Terrorismusfinanzierung', 'Bargeldobergrenze']",[],Neutral,Informative,The article informs about the new cash limit introduced by the EU aimed at combating money laundering and terrorism financing.
S23,"['https://drive.google.com/file/d/1MMfXcNBDrFemNxUkxQrf0eARc1MsWe5i/view?usp=drivesdk', 'https://drive.google.com/file/d/1Z8E7gWE48MeOjxnla0gIULlF_2bMUlrg/view?usp=drivesdk', 'https://drive.google.com/file/d/1jChbE_7QCUVW_8nt9aSPy6hxKb0rTswD/view?usp=drivesdk', 'https://drive.google.com/file/d/1nHOxYYXSoMjUTxkfUi_oPa9xxGqT8GxC/view?usp=drivesdk', 'https://drive.google.com/file/d/19LBSRGAMotqg6QNx9MbLsVSEd5x5jqfd/view?usp=drivesdk', 'https://drive.google.com/file/d/1D2rLizGVN-pViBjz6Za4tAlZJf-PcD4t/view?usp=drivesdk', 'https://drive.google.com/file/d/1g1gXcCszRVKY_37pHUMgRBVIRevbtkss/view?usp=drivesdk', 'https://drive.google.com/file/d/1A3SyRz03RUu-PwMAs10E82xMVXmdtkBq/view?usp=drivesdk', 'https://drive.google.com/file/d/1jcN9VjEiDNc_R3xd1FLZURhytbVUwCSI/view?usp=drivesdk', 'https://drive.google.com/file/d/14-cLFOwtgvkZJW7DEJCCTfCqUPuqgrEF/view?usp=drivesdk', 'https://drive.google.com/file/d/1_L51-RzJlIaHmJczSxdiMRiNFjO12IEr/view?usp=drivesdk', 'https://drive.google.com/file/d/1Jw49QQ6zEaHq3cTR7FM4LN0sF9akECB0/view?usp=drivesdk', 'https://drive.google.com/file/d/1aixNlkP4h4ughoIk2Mk1uUJOyHsQHgkW/view?usp=drivesdk', 'https://drive.google.com/file/d/1-R23-knotz0uRnwCiMVwDAzXOxAHWaxf/view?usp=drivesdk']",Ovnis acosan una central nuclear de la India,"Un reciente avistamiento de OVNIs ha causado alarma y especulación en una central nuclear en India, despertando temores sobre la seguridad de tales instalaciones en el país. Los incidentes se han documentado en videos que muestran objetos voladores no identificados sobrevolando la zona, lo que ha llevado a las autoridades locales a investigar el asunto más a fondo. Mientras algunos testigos han insinuado la posibilidad de una visita extraterrestre, otros sugieren que podría ser una ilusión óptica o un fenómeno más mundano. Sin embargo, la preocupación por la seguridad de infraestructuras críticas ha aumentado considerablemente tras estos avistamientos.",01-10-2023,Espacio Misterio,['Josep Guijarro'],"['OVNIs', 'India', 'central nuclear', 'avistamientos']","['Ecos satánicos en el Festival de Eurovisión', 'Gran Bretaña se prepara para el Apocalipsis']",Negative,Alarmist,"The article conveys a narrative of fear concerning potential threats to crucial infrastructure from unidentified flying objects, raising security concerns amid sensational speculation about alien encounters."
S21,"['https://drive.google.com/file/d/1d0ov3RHzCl_vSyRAPhDUslv5XE_6Bv-H/view?usp=drivesdk', 'https://drive.google.com/file/d/1DVNGA_YxjFrT1OfQgu7bFW1D1WuvbDsw/view?usp=drivesdk', 'https://drive.google.com/file/d/14bWLpGOxAkPNn0vahAAZQCMQ3ZJLAY-1/view?usp=drivesdk', 'https://drive.google.com/file/d/1B1gy1JAzwtGZ60lU90NzzxWWT0dHuP0-/view?usp=drivesdk', 'https://drive.google.com/file/d/1GQgy5TVPV_IpatZpoFs2EWGEOQbZRIPn/view?usp=drivesdk', 'https://drive.google.com/file/d/1Y8_C9_XaF1ZZ-g8B6z6cZiKYeFFThkEB/view?usp=drivesdk', 'https://drive.google.com/file/d/1dGOOsZQLuFAlvNQ0lLCmiRnH466bfkFw/view?usp=drivesdk', 'https://drive.google.com/file/d/1a_Zv_aw4I2V_SkBzfnUmuMxyVjPqXcV3/view?usp=drivesdk']",Otro error de Florentino: ¿Qué pinta Kylian Mbappé en el Real Madrid?,,04-06-2024,Hispanidad,['Eulogio López'],[],[],Neutral,Descriptive,"The article discusses the situation around Kylian Mbappé's involvement with Real Madrid, questioning the decisions made by the club's president Florentino Pérez regarding the player's future."
S20,"['https://drive.google.com/file/d/1gGHNifft-nIcDfUUtvkPodhYTOyq-IoN/view?usp=drivesdk', 'https://drive.google.com/file/d/1Ta5rKQp1ZeYvkmL04dpr0kU7bFl9GxCm/view?usp=drivesdk', 'https://drive.google.com/file/d/1Xqh8xFy3hOL3yuyoK2vtLyFKWWSBp6CW/view?usp=drivesdk', 'https://drive.google.com/file/d/1DoAJIRyIC6cL64LEATJND1r6MnIAGZkU/view?usp=drivesdk']",Why the Houthis Have a Strategic Role in Global Structures?,"The Houthis (or Houthi) are a paramilitary group of Shiite Muslim religion, which controls the Yemeni capital, Sana’a. They have been involved in the ongoing conflict in Yemen, engaging various local and international actors, including Saudi Arabia and Iran. The Houthi movement is recognized for its significant influence in Yemeni politics, often using asymmetric warfare tactics against larger military forces. The ongoing war has exacerbated the humanitarian crisis in the region, drawing international attention and intervention.",04-06-2024,Info Hispania,['Matteo Castagna'],"['Houthis', 'Yemen', 'Conflict', 'Middle East', 'International Relations']","['Why the Houthis Have a Strategic Role in Global Structures?', 'Reconciliation?', 'The Declaration of Cordoba of the PP and the Problems of Spain']",Neutral,Informative,The article explores the strategic significance of the Houthi group in relation to regional conflict dynamics and international politics.
G47,"['https://drive.google.com/file/d/12Z1o3Rj7z8MiIp4GYTmtRh_Z5jHHLmSk/view?usp=drivesdk', 'https://drive.google.com/file/d/1uhPn_I5zFU_MI4HRWXvQrM705d4rPv3x/view?usp=drivesdk', 'https://drive.google.com/file/d/1Yulvt94JiDhFQAhorFH1MAY97MBZeInQ/view?usp=drivesdk', 'https://drive.google.com/file/d/1lFmEKx2-6HZ4AI7ULtnHIWnLkiGTHRwF/view?usp=drivesdk', 'https://drive.google.com/file/d/1_C3KwqjVMMs7-xKtbiJ-ZTIN-J--CXux/view?usp=drivesdk', 'https://drive.google.com/file/d/17w0Cjb02_POgNFwZKjb8JAwcMv464zDE/view?usp=drivesdk', 'https://drive.google.com/file/d/1MWgj9RGt6vmVQ3VyM3cSlkd4WRLTOIat/view?usp=drivesdk', 'https://drive.google.com/file/d/1QKDnyJI3tE_maaF4EAt96YpYatJoTQHg/view?usp=drivesdk', 'https://drive.google.com/file/d/1m8UUBl_UB0IshyY49TaClNMaH9Tqen6J/view?usp=drivesdk', 'https://drive.google.com/file/d/1ZlcEBxETd5uli2DPtXD6DmzwiKNQrCEe/view?usp=drivesdk', 'https://drive.google.com/file/d/1Z-aytQqL90JALJcFuqymPEbPQ7vvD_58/view?usp=drivesdk', 'https://drive.google.com/file/d/1GBXdjwuWjumWXRdGQmhJLsT5aM6UIM9j/view?usp=drivesdk']",Mannheimer Attentäter ist abgelehnter Asylbewerber,"Der Asylantrag des Islamisten, der am Freitag in Mannheim einen Polizisten mit einem Messer angegriffen und tödlich verletzt hat, wurde bereits vor 10 Jahren abgelehnt.",03-06-2024,Achgut.com,"['Georg Etschkeit', 'News-Redaktion']","['Asylbewerber', 'Mannheim', 'Polizei', 'Islamismus', 'Angriff']","['Immer mehr Intensivtäter in Berlin', 'Wer lachte heute noch über sie? Zum Tod von Ruth Maria Kubitschek']",Negative,Alerting,Highlighting the risks associated with asylum seekers and raising concerns about public safety.
G37,"['https://drive.google.com/file/d/1KvnSmGk1K3JkwQFWAK74L8OI4vlwcGUo/view?usp=drivesdk', 'https://drive.google.com/file/d/1xofHO10Ww52msYutGvwEPUuFgoH6rNm4/view?usp=drivesdk', 'https://drive.google.com/file/d/1HrUUjKPMdATFwgiVkAXjhw0h02ZWxdmm/view?usp=drivesdk', 'https://drive.google.com/file/d/1EUhOATvWzllNyW83DFZoVqTTawHUtWVW/view?usp=drivesdk', 'https://drive.google.com/file/d/1RtftIU3uvwiPWNtOvzVE79kcTRXPQJsa/view?usp=drivesdk', 'https://drive.google.com/file/d/12QCUN2j2R65qwp9K3OVf5FvNENpXuSId/view?usp=drivesdk', 'https://drive.google.com/file/d/1QMxbUaZuvaMhmyzbJQoL9mJcsx_xTgeS/view?usp=drivesdk', 'https://drive.google.com/file/d/14Yx-DqpVAgMfkiSN8B0GkYquKSyoXWPh/view?usp=drivesdk', 'https://drive.google.com/file/d/1pDUxfZoYNBjmjBMWmCapOd4QFfGMnHZc/view?usp=drivesdk', 'https://drive.google.com/file/d/1Y9YB6XgKoteV0WvHeqDC36r_dg5xvTJL/view?usp=drivesdk', 'https://drive.google.com/file/d/1B_KO-iEF2RsWirHSgib3tYcRKMGZlPZg/view?usp=drivesdk', 'https://drive.google.com/file/d/1QAzql_iefIXV3fhwFivxy33_7J0Lmm-i/view?usp=drivesdk', 'https://drive.google.com/file/d/1jSbNCFG7grB8R3Vxz3086lReKAsjykZ1/view?usp=drivesdk', 'https://drive.google.com/file/d/1QiPkktZ04-qDIb88E8QsK8V9hvBBTotg/view?usp=drivesdk', 'https://drive.google.com/file/d/1pbbMwP494R0oYmyzqN2tfjDtRcbOJTbG/view?usp=drivesdk', 'https://drive.google.com/file/d/1PX3cbSrnYie0diSUmYP1qNuIEpaU8eII/view?usp=drivesdk']",Heavy Rain Causes Danube to Overflow in Linz,"Due to heavy rainfall, the Danube River has overflowed its banks in Linz, posing a significant threat to nearby areas. Authorities are on high alert, monitoring the situation closely and issuing warnings to residents. Emergency services are prepared for potential flooding and have started preventive measures to mitigate damage.",02-10-2023,oe24,[],"['Linz', 'Danube', 'Flooding', 'Heavy Rain']",[],Negative,Alarming,"The article conveys the urgency of the flooding situation in Linz due to heavy rain, emphasizing the proactive measures being taken by authorities to ensure public safety."
S12,"['https://drive.google.com/file/d/1SiTwDDdywZUVWgl-1__XwSuvBFKog76K/view?usp=drivesdk', 'https://drive.google.com/file/d/1gkEWM6e7Ju09Tdjw9q4NVdLJRTFgJ5tk/view?usp=drivesdk', 'https://drive.google.com/file/d/1BRbUKXKNiaSWF1W1TUg4P--sQxdmR1tK/view?usp=drivesdk', 'https://drive.google.com/file/d/1p6Ga9UxPLmNatt8jjMwbaqN6bftp6bs8/view?usp=drivesdk', 'https://drive.google.com/file/d/1KlwAvu8UGY-2-_G1fR2jDHdwudM4bx3T/view?usp=drivesdk', 'https://drive.google.com/file/d/1s_vWrmLXeJ-K8z64zjF8hzd2eyDQvCE8/view?usp=drivesdk', 'https://drive.google.com/file/d/1bJXN0JhET3owzaKI74OrUUtgx16kG2Gd/view?usp=drivesdk', 'https://drive.google.com/file/d/14TSHqLgAUnW04C8hff9Sb7flsgLZSzyC/view?usp=drivesdk', 'https://drive.google.com/file/d/1TypA9D8lN1jThrXhatLZ4oIbYjJT9N3R/view?usp=drivesdk']",The Government is delating and shows the fear that the Supreme Court has with the amnesty law,"On the verge of a serious political crisis, the Spanish Government faces strong allegations regarding its mismanagement and the fear manifested by decision-makers over the application and legality of the amnesty law. With increasing pressure from opposition parties and public dissent, the future of this legislation remains uncertain as debates rage on its potential consequences for Spanish politics and society.",04-06-2024,El Debate,['Ana Martín'],"['Government', 'Amnesty Law', 'Politics', 'Spain']","['Almeida confirms that the Civil Guard requested four contracts from the City Council with the partner of Begoña Gómez', 'The extensive region of the Earth where there is a magnetic anomaly in expansion', 'Ukraine launches a counterattack and surprises Russian forces in Kharkov']",Negative,Critical,"The article critiques the Spanish Government's handling of the amnesty law, highlighting fears related to its legal repercussions and the political instability surrounding it."
S05,"['https://drive.google.com/file/d/1YXkxJWYUmiu-hr0pAaW8vOUVeR2fgfON/view?usp=drivesdk', 'https://drive.google.com/file/d/1PNpCb7NbchI29W6SEsaJMc8QFK4p7ltL/view?usp=drivesdk', 'https://drive.google.com/file/d/10EmXLezsh4uJB87RYVGYC1knFZzmmkqT/view?usp=drivesdk', 'https://drive.google.com/file/d/1KJm245M3O8Cza9188Y6gxY3or7uqdyUr/view?usp=drivesdk', 'https://drive.google.com/file/d/1bV6tDpUO0KJHQgiRHT6ZS4jh7oXdA3-T/view?usp=drivesdk', 'https://drive.google.com/file/d/1ASP7HzF-drKMEuzpVCObjg-tX1881AsP/view?usp=drivesdk', 'https://drive.google.com/file/d/1wXP8KM4CQK8OZwmcX15liJRumHVqqTS2/view?usp=drivesdk', 'https://drive.google.com/file/d/12zA1w1Ybh_G3X7of1w30AEklbp8nrHdQ/view?usp=drivesdk', 'https://drive.google.com/file/d/1dPVhuKpcWv-yqaT74Yjzjn_zcc1cWi03/view?usp=drivesdk', 'https://drive.google.com/file/d/1f38F5gLGkwEJGKqVwbdR9HZrPxMh0K5Y/view?usp=drivesdk', 'https://drive.google.com/file/d/13-eDFb0cpRmULmISUcL6d608l4pUMxcu/view?usp=drivesdk']","¡Sánchez, la economía española es como Taylor Swift porque va en bragas!","La economía española, en gran medida, depende de políticas que parecen estar más enfocadas en la imagen que en la sustancia. La declaración destaca la comparativa entre el desarrollo económico y el estilo de vida, sugiriendo que al igual que la popular cantante, la economía parece mostrar un comportamiento inestable y superficial. Se critica la falta de un enfoque sólido en los fundamentos económicos, revelando preocupaciones sobre la sostenibilidad y la fuerza real de la economía.",04-06-2024,Periodista Digital,['Eurico Campano'],"['economía', 'Sánchez', 'Taylor Swift']","['Raúl del Pozo desmonta la simple pregunta de Sánchez para amordazar a los medios', 'Debate/entrevistas elecciones europeas']",Negative,Critical,"The article conveys a critical view of the Spanish economy, likening it to a superficial image, similar to that of pop culture figures. It suggests a lack of depth in economic policies and raises concerns about sustainability and actual economic foundations."
S25,"['https://drive.google.com/file/d/1Z3Wwe_OP-9HWxoMsEpFcxEV2f8hGgjFq/view?usp=drivesdk', 'https://drive.google.com/file/d/1MsJIk5bEf1IUrlgoikTHc_4M26AVkuWD/view?usp=drivesdk', 'https://drive.google.com/file/d/1szfLZUaIfLrdgaATuyBkMZ1exqwWOSyv/view?usp=drivesdk', 'https://drive.google.com/file/d/1hqNEls4wwHp-WgMQ0yuiOTNw4zxwaqyr/view?usp=drivesdk', 'https://drive.google.com/file/d/1l0LXvVF1Dr3EHKrrBa55bClOdtWew2PY/view?usp=drivesdk', 'https://drive.google.com/file/d/1Wx0rPI9i4Wi--vrQLX0CnncE8wgkU2y0/view?usp=drivesdk', 'https://drive.google.com/file/d/1pFRNKfL5CkkZLlCxVLhx9nY-TfnKpFIa/view?usp=drivesdk', 'https://drive.google.com/file/d/1MsQJ6CksjXeUkzEYStXMfpXMO3k1oYLu/view?usp=drivesdk', 'https://drive.google.com/file/d/162grE2P35lZQl2COnDWQ00L5z5Ao9-0n/view?usp=drivesdk']",El gato al agua (re) 04/06/2024,"El programa El Gato al Agua se emite hoy, donde se abordarán diferentes temas de actualidad y política en un formato de debate.",04-06-2024,El Toro TV,[],"['El Gato al Agua', 'programa de televisión', 'debate', 'actualidad', 'política']",[],Neutral,Informative,The article presents a neutral overview of a current television program featuring debates on political and timely topics.
S08,"['https://drive.google.com/file/d/15s7CUDuvEJENarMZJe_E-gUSUJjzcojH/view?usp=drivesdk', 'https://drive.google.com/file/d/1hLVwJjblpSkrdUY9zbhXhSecupLpIPey/view?usp=drivesdk', 'https://drive.google.com/file/d/1DZQ-fcmnc7GfWjIgWspRmvVGoMSz-wLA/view?usp=drivesdk', 'https://drive.google.com/file/d/1bXlcYJquAKO5CnFvSexvsy4R9mK89_sO/view?usp=drivesdk', 'https://drive.google.com/file/d/1Tyyhawkt2bp66LputhsUgbsh4D8uU22R/view?usp=drivesdk', 'https://drive.google.com/file/d/1cCDzRTemvtILtJ8--DpLpYckEk7Uc8sm/view?usp=drivesdk', 'https://drive.google.com/file/d/1F3Eo2tOFaZFz-BsGKbKLnCy9G7HtkVds/view?usp=drivesdk', 'https://drive.google.com/file/d/1AZg9k_bHLVtrYbcmv8toKbthX3tY0CTY/view?usp=drivesdk']",Gabriela Guillén updates the status of the paternity lawsuit against Bertín,"Gabriela Guillén provides an update on her ongoing paternity lawsuit against the well-known personality Bertín. Their complicated legal battle has drawn public attention as both sides prepare for the upcoming court dates. Legal experts suggest that the outcome could have implications beyond the immediate parties involved, potentially reshaping public perceptions regarding paternity claims in the celebrity world. Gabriela has expressed her commitment to pursue justice and seeks to clarify the situation surrounding her claims in court.",26-10-2023,Don Diario,"['Mónica Sánchez', 'Claudia Suárez Ortiz', 'Laura R. Patermann']","['paternity lawsuit', 'Gabriela Guillén', 'Bertín', 'celebrity news', 'legal battle']","['Update on previous celebrity cases', 'The impact of public opinion on paternity lawsuits', 'Insights into celebrity legal battles']",Negative,Descriptive,"The article conveys a negative narrative regarding the complexities and challenges associated with celebrity legal battles, particularly in cases involving personal matters like paternity. It aims to shed light on the struggles of individuals seeking justice in high-profile cases."
G38,"['https://drive.google.com/file/d/1P1CYFbM8lf0Up24uHL4L0ATkHtfPG2sL/view?usp=drivesdk', 'https://drive.google.com/file/d/1EYsdkjQl7_ijU87_LdAEZfQzKkcAbJsK/view?usp=drivesdk', 'https://drive.google.com/file/d/1EngLpk-_RJ5BNR2M9xYMFZQ1yIgSd6D1/view?usp=drivesdk', 'https://drive.google.com/file/d/1_5g61EP3CNYgVI_fIpMgyq_-37oRMNT_/view?usp=drivesdk', 'https://drive.google.com/file/d/1AJ9iiGaoOANGccGxuVydc3H5hFIruCPp/view?usp=drivesdk', 'https://drive.google.com/file/d/1tqGM5LOAsgl__wHNUg7WbslaLZrLwNzd/view?usp=drivesdk', 'https://drive.google.com/file/d/1grfCi_iTPbz29rHrizSLhF3Wpar28Y87/view?usp=drivesdk', 'https://drive.google.com/file/d/1MIheXEaKlw6uC6Fv-MxfkzylLJHqoGu5/view?usp=drivesdk', 'https://drive.google.com/file/d/1OamcgrYUL0kFSdTv0LeOR6E7L7mvvN1z/view?usp=drivesdk', 'https://drive.google.com/file/d/1w2voI6b9ioB4gWKEGavDdQKjJvA6hIAo/view?usp=drivesdk', 'https://drive.google.com/file/d/1aGLMJZcZt_-ECKv9n9cPapeyLcsYaoyR/view?usp=drivesdk', 'https://drive.google.com/file/d/1pgB11tM-wpow2G5qN3BEuS2oNNTBzRU9/view?usp=drivesdk', 'https://drive.google.com/file/d/1iE7zaCizlznrSyx1eD6GxVLGEj7-13X0/view?usp=drivesdk', 'https://drive.google.com/file/d/1wQpy4R2iOPuEw3sM8IHXuoADcHldJeBB/view?usp=drivesdk', 'https://drive.google.com/file/d/1pNeM-pU6ueiCsz9Gp8ez3M2ASxVDTSGP/view?usp=drivesdk', 'https://drive.google.com/file/d/1wK-yZDNuDoYa2FkDJMruxFiGByV3VPOa/view?usp=drivesdk', 'https://drive.google.com/file/d/1vkZr1ozWkCBdsBws3mTAS5O0SiX-yo-b/view?usp=drivesdk', 'https://drive.google.com/file/d/1V0zyrw5Ghxyfkb2u9sP9-iNFMJyQtbnY/view?usp=drivesdk']","Notfallausstattung für Starkregen: Tauchpumpen, Wassersperren, Notstrom & Co.","Die richtige Ausstattung hilft, Extremwetterlagen mit Starkregen und Überflutung besser zu überstehen. TechStage zeigt, welche Notfallausrüstung gegen und bei Überflutung im Keller nötig ist.",03-06-2024,heise online,[],[],[],Neutral,Informative,"The article focuses on preparedness for extreme weather events, specifically heavy rainfall and flooding, discussing essential equipment that can assist in managing such situations."
